use SocializerDb
go

set identity_insert Roles on
insert into Roles (Id, RoleTitle) 
values 
(1, 'User'),
(2, 'Admin')
set identity_insert Roles off

set identity_insert Genders on
insert into Genders(Id, Title)
values (1, 'Male'), (2, 'Female')
set identity_insert Genders off

set identity_insert Religions on
insert into Religions(Id, Title)
values
(1, 'Christianity'),
(2, 'Islam'),
(3, 'Hinduism'),
(4, 'Buddhism'),
(5, 'Judaism'),
(6, 'Atheism')
set identity_insert Religions off

insert into Nationalities(Title)
values 
(   'Afghan'),								 
           ('Albanian'    					 ),
           ('Algerian'						 ),
           ('American'						 ),
           ('Andorran'						 ),
           ('Angolan'						 ),
           ('Antiguans'						 ),
           ('Argentinean'					 ),
           ('Armenian'						 ),
           ('Australian'					)	 ,
           ('Austrian'						 ),
           ('Azerbaijani'					 ),
           ('Bahamian'						 ),
           ('Bahraini'						 ),
           ('Bangladeshi'					 ),
           ('Barbadian'						 ),
           ('Barbudans'						 ),
           ('Batswana'						 ),
           ('Belarusian'					)	 ,
           ('Belgian'						 ),
           ('Belizean'						 ),
           ('Beninese'						 ),
           ('Bhutanese'						 ),
           ('Bolivian'						 ),
           ('Bosnian'						 ),
           ('Brazilian'						 ),
           ('British'						 ),
           ('Bruneian'						 ),
           ('Bulgarian'						 ),
           ('Burkinabe'						 ),
           ('Burmese'						 ),
           ('Burundian'						 ),
           ('Cambodian'						 ),
           ('Cameroonian'					 ),
           ('Canadian'						 ),
           ('Cape Verdean'					 ),
           ('Central African'				 ),
           ('Chadian'						 ),
           ('Chilean'						 ),
           ('Chinese'						 ),
           ('Colombian'						 ),
           ('Comoran'						 ),
           ('Congolese'						 ),
           ('Costa Rican'					 ),
           ('Croatian'						 ),
           ('Cuban'							 ),
           ('Cypriot'						 ),
           ('Czech'							 ),
           ('Danish'						)	 ,
           ('Djibouti'						 ),
           ('Dominican'						 ),
           ('Dutch'							 ),
           ('East Timorese'					 ),
           ('Ecuadorean'					)	 ,
           ('Egyptian'						 ),
           ('Emirian'						 ),
           ('Equatorial Guinean'			)	 ,
           ('Eritrean'						 ),
           ('Estonian'						 ),
           ('Ethiopian'						 ),
           ('Fijian'						)	 ,
           ('Filipino'						 ),
           ('Finnish'						 ),
           ('French'						)	 ,
           ('Gabonese'						 ),
           ('Gambian'						 ),
           ('Georgian'						 ),
           ('German'						)	 ,
           ('Ghanaian'						 ),
           ('Greek'							 ),
           ('Grenadian'						 ),
           ('Guatemalan'					)	 ,
           ('Guinea-Bissauan'				 ),
           ('Guinean'						 ),
           ('Guyanese'						 ),
           ('Haitian'						 ),
           ('Herzegovinian'					 ),
           ('Honduran'						 ),
           ('Hungarian'						 ),
           ('I-Kiribati'					)	 ,
           ('Icelander'						 ),
           ('Indian'						)	 ,
           ('Indonesian'					)	 ,
           ('Iranian'						 ),
           ('Iraqi'							 ),
           ('Irish'							 ),
           ('Israeli'						 ),
           ('Italian'						 ),
           ('Ivorian'						 ),
           ('Jamaican'						 ),
           ('Japanese'						 ),
           ('Jordanian'						 ),
           ('Kazakhstani'					 ),
           ('Kenyan'						)	 ,
           ('Kittian and Nevisian'			 ),
           ('Kuwaiti'						 ),
           ('Kyrgyz'						)	 ,
           ('Laotian'						 ),
           ('Latvian'						 ),
           ('Lebanese'						 ),
           ('Liberian'						 ),
           ('Libyan'						)	 ,
           ('Liechtensteiner'				 ),
           ('Lithuanian'					)	 ,
           ('Luxembourger'					 ),
           ('Macedonian'					)	 ,
           ('Malagasy'						 ),
           ('Malawian'						 ),
           ('Malaysian'						 ),
           ('Maldivian'						 ),
           ('Malian'						)	 ,
           ('Maltese'						 ),
           ('Marshallese'					 ),
           ('Mauritanian'					 ),
           ('Mauritian'						 ),
           ('Mexican'						 ),
           ('Micronesian'					 ),
           ('Moldovan'						 ),
           ('Monacan'						 ),
           ('Mongolian'						 ),
           ('Moroccan'						 ),
           ('Mosotho'						 ),
           ('Motswana'						 ),
           ('Mozambican'					)	 ,
           ('Namibian'						 ),
           ('Nauruan'						 ),
           ('Nepalese'						 ),
           ('New Zealander'					 ),
           ('Ni-Vanuatu'					)	 ,
           ('Nicaraguan'					)	 ,
           ('Nigerian'						 ),
           ('Nigerien'						 ),
           ('North Korean'					 ),
           ('Northern Irish'				)	 ,
           ('Norwegian'						 ),
           ('Omani'							 ),
           ('Pakistani'						 ),
           ('Palauan'						 ),
           ('Panamanian'					)	 ,
           ('Papua New Guinean'				 ),
           ('Paraguayan'					)	 ,
           ('Peruvian'						 ),
           ('Polish'						)	 ,
           ('Portuguese'					)	 ,
           ('Qatari'						)	 ,
           ('Romanian'						 ),
           ('Russian'						 ),
           ('Rwandan'						 ),
           ('Saint Lucian'					 ),
           ('Salvadoran'					)	 ,
           ('Samoan'						)	 ,
           ('San Marinese'					 ),
           ('Sao Tomean'					)	 ,
           ('Saudi'							 ),
           ('Scottish'						 ),
           ('Senegalese'					)	 ,
           ('Serbian'						 ),
           ('Seychellois'					 ),
           ('Sierra Leonean'				)	 ,
           ('Singaporean'					 ),
           ('Slovakian'						 ),
           ('Slovenian'						 ),
           ('Solomon Islander'				 ),
           ('Somali'						)	 ,
           ('South African'					 ),
           ('South Korean'					 ),
           ('Spanish'						 ),
           ('Sri Lankan'					)	 ,
           ('Sudanese'						 ),
           ('Surinamer'						 ),
           ('Swazi'							 ),
           ('Swedish'						 ),
           ('Swiss'							 ),
           ('Syrian'						)	 ,
           ('Taiwanese'						 ),
           ('Tajik'							 ),
           ('Tanzanian'						 ),
           ('Thai'							 ),
           ('Togolese'						 ),
           ('Tongan'						)	 ,
           ('Trinidadian or Tobagonian'		 ),
           ('Tunisian'						 ),
           ('Turkish'						 ),
           ('Tuvaluan'						 ),
           ('Ugandan'						 ),
           ('Ukrainian'						 ),
           ('Uruguayan'						 ),
           ('Uzbekistani'					 ),
           ('Venezuelan'					)	 ,
           ('Vietnamese'					)	 ,
           ('Welsh'							 ),
           ('Yemenite'						 ),
           ('Zambian'						 ),
          ('Zimbabwean'                     	 )
set identity_insert Categories on
insert into Categories(Id, Title) 
values 
(1, 'Sport'),
(2, 'News'),
(3, 'Polytics'),
(4, 'Bussiness'),
(5, 'Music'),
(6, 'Movies'),
(7, 'Sport'),
(8, 'Games'),
(9, 'Art'),
(10, 'Photos'),
(11, 'Engineering'),
(12, 'Dancing'),
(13, 'Volunteer Activities'),
(14, 'Religion'),
(15, 'Books')
set identity_insert Categories off

set identity_insert Users on
insert into Users (Id, FirstName, LastName, Email, GenderId, DateOfBirth, DateStarted, NationalityId, [Password], PlaceOfBirth, ReligionId, RoleID, UserName, WorkPlace) values (1, 'Thorndike', 'Murrish', 'tmurrish0@google.com.br', 2, '2000-02-03', '2013-10-27', 154, 'GvXTSGhv6Z5', 'Cẩm Phả', 4, 1, 'tmurrish0', 'VP Quality Control');
insert into Users (Id, FirstName, LastName, Email, GenderId, DateOfBirth, DateStarted, NationalityId, [Password], PlaceOfBirth, ReligionId, RoleID, UserName, WorkPlace) values (2, 'Rita', 'Windebank', 'rwindebank1@wufoo.com', 1, '2009-07-18', '2012-12-12', null, 'n0qCnWw2AJ', null, null, 1, 'rwindebank1', 'Senior Financial Analyst');
insert into Users (Id, FirstName, LastName, Email, GenderId, DateOfBirth, DateStarted, NationalityId, [Password], PlaceOfBirth, ReligionId, RoleID, UserName, WorkPlace) values (3, 'Kirsten', 'Giacomo', 'kgiacomo2@dropbox.com', 2, '1994-12-31', '2010-11-03', 21, 'NWo70FuKk1', 'Debe', 4, 1, 'kgiacomo2', 'General Manager');
insert into Users (Id, FirstName, LastName, Email, GenderId, DateOfBirth, DateStarted, NationalityId, [Password], PlaceOfBirth, ReligionId, RoleID, UserName, WorkPlace) values (4, 'Verney', 'Francesconi', 'vfrancesconi3@oaic.gov.au', 1, '1987-12-20', '2012-01-08', 81, '9jcShGxzL2', 'Belo sur Tsiribihina', 1, 1, 'vfrancesconi3', 'Legal Assistant');
insert into Users (Id, FirstName, LastName, Email, GenderId, DateOfBirth, DateStarted, NationalityId, [Password], PlaceOfBirth, ReligionId, RoleID, UserName, WorkPlace) values (5, 'Jethro', 'Ortells', 'jortells4@usgs.gov', 2, '2005-05-29', '2013-01-08', 17, 'dzV33P', 'Laspezia', 5, 1, 'jortells4', 'Engineer II');
insert into Users (Id, FirstName, LastName, Email, GenderId, DateOfBirth, DateStarted, NationalityId, [Password], PlaceOfBirth, ReligionId, RoleID, UserName, WorkPlace) values (6, 'Kirbee', 'Ducroe', 'kducroe5@opera.com', 1, null, '2014-05-30', 104, 'r00Hkr4', 'Nirji', 1, 1, 'kducroe5', null);
insert into Users (Id, FirstName, LastName, Email, GenderId, DateOfBirth, DateStarted, NationalityId, [Password], PlaceOfBirth, ReligionId, RoleID, UserName, WorkPlace) values (7, 'Obed', 'Tills', 'otills6@psu.edu', 2, '1992-05-29', '2014-12-13', 116, '89rzpbP', 'Phaya Thai', 5, 1, 'otills6', 'Actuary');
insert into Users (Id, FirstName, LastName, Email, GenderId, DateOfBirth, DateStarted, NationalityId, [Password], PlaceOfBirth, ReligionId, RoleID, UserName, WorkPlace) values (8, 'Millicent', 'Karys', 'mkarys7@pinterest.com', 1, '1989-10-17', '2010-03-21', 36, 'Pavz7jtbNw4O', 'Cibitungmasjid', 5, 1, 'mkarys7', 'Business Systems Development Analyst');
insert into Users (Id, FirstName, LastName, Email, GenderId, DateOfBirth, DateStarted, NationalityId, [Password], PlaceOfBirth, ReligionId, RoleID, UserName, WorkPlace) values (9, 'Etta', 'Leathes', 'eleathes8@spiegel.de', 2, '1986-04-10', '2017-08-14', 1, '9zqINwFdg2', 'Cojata', 5, 1, 'eleathes8', 'Sales Associate');
insert into Users (Id, FirstName, LastName, Email, GenderId, DateOfBirth, DateStarted, NationalityId, [Password], PlaceOfBirth, ReligionId, RoleID, UserName, WorkPlace) values (10, 'Pat', 'Worsnup', 'pworsnup9@npr.org', 2, '1994-02-02', '2015-11-04', 146, 'h7kn4cs', 'Zuyevka', 1, 1, 'pworsnup9', 'Registered Nurse');
insert into Users (Id, FirstName, LastName, Email, GenderId, DateOfBirth, DateStarted, NationalityId, [Password], PlaceOfBirth, ReligionId, RoleID, UserName, WorkPlace) values (11, 'Bruce', 'MacNaughton', 'bmacnaughtona@who.int', 1, '1989-12-25', '2012-11-21', 85, 'tmYysjq6qm', 'Pule', 2, 1, 'bmacnaughtona', 'Speech Pathologist');
insert into Users (Id, FirstName, LastName, Email, GenderId, DateOfBirth, DateStarted, NationalityId, [Password], PlaceOfBirth, ReligionId, RoleID, UserName, WorkPlace) values (12, 'Padriac', 'Preon', 'ppreonb@yelp.com', 1, '1999-12-27', '2017-07-30', 66, 'evjly8', 'Rychnov nad Kněžnou', 4, 1, 'ppreonb', 'Social Worker');
insert into Users (Id, FirstName, LastName, Email, GenderId, DateOfBirth, DateStarted, NationalityId, [Password], PlaceOfBirth, ReligionId, RoleID, UserName, WorkPlace) values (13, 'Ike', 'Barbosa', 'ibarbosac@joomla.org', 1, '1981-11-26', '2010-09-04', null, 'FDuPs0', null, null, 1, 'ibarbosac', 'Executive Secretary');
insert into Users (Id, FirstName, LastName, Email, GenderId, DateOfBirth, DateStarted, NationalityId, [Password], PlaceOfBirth, ReligionId, RoleID, UserName, WorkPlace) values (14, 'Jarvis', 'Bertin', 'jbertind@unblog.fr', 2, '2001-04-17', '2010-04-12', 77, 'kUfcMu', 'Shigutang', 3, 1, 'jbertind', 'Media Manager IV');
insert into Users (Id, FirstName, LastName, Email, GenderId, DateOfBirth, DateStarted, NationalityId, [Password], PlaceOfBirth, ReligionId, RoleID, UserName, WorkPlace) values (15, 'Mathe', 'Harbour', 'mharboure@slideshare.net', 2, '1996-05-07', '2009-11-23', 28, 'MHXn6S8mr', 'Fangxi', 5, 1, 'mharboure', 'Operator');
insert into Users (Id, FirstName, LastName, Email, GenderId, DateOfBirth, DateStarted, NationalityId, [Password], PlaceOfBirth, ReligionId, RoleID, UserName, WorkPlace) values (16, 'Monty', 'Willwood', 'mwillwoodf@list-manage.com', 2, '2008-09-08', '2012-11-21', 33, 'hUVwHmB0', 'Huanggang', 1, 1, 'mwillwoodf', 'Developer I');
insert into Users (Id, FirstName, LastName, Email, GenderId, DateOfBirth, DateStarted, NationalityId, [Password], PlaceOfBirth, ReligionId, RoleID, UserName, WorkPlace) values (17, 'Daren', 'Crosswaite', 'dcrosswaiteg@slideshare.net', 2, '1987-10-05', '2012-03-28', 116, 'PHtaIvXp', 'Bayambang', 4, 1, 'dcrosswaiteg', 'Technical Writer');
insert into Users (Id, FirstName, LastName, Email, GenderId, DateOfBirth, DateStarted, NationalityId, [Password], PlaceOfBirth, ReligionId, RoleID, UserName, WorkPlace) values (18, 'Robinett', 'Duguid', 'rduguidh@huffingtonpost.com', 2, '1984-02-01', '2010-07-16', null, 'qn5j6g', null, null, 1, 'rduguidh', 'Technical Writer');
insert into Users (Id, FirstName, LastName, Email, GenderId, DateOfBirth, DateStarted, NationalityId, [Password], PlaceOfBirth, ReligionId, RoleID, UserName, WorkPlace) values (19, 'Jeff', 'Simenon', 'jsimenoni@earthlink.net', 2, '1993-02-24', '2011-05-29', 108, 'liSmvCdVx', 'Zhanghekou', 4, 1, 'jsimenoni', 'Technical Writer');
insert into Users (Id, FirstName, LastName, Email, GenderId, DateOfBirth, DateStarted, NationalityId, [Password], PlaceOfBirth, ReligionId, RoleID, UserName, WorkPlace) values (20, 'Irena', 'Petrie', 'ipetriej@nymag.com', 2, '2002-02-10', '2014-05-01', 36, 'JZl2Jk6R', 'Colorado Springs', 1, 1, 'ipetriej', 'Assistant Media Planner');
insert into Users (Id, FirstName, LastName, Email, GenderId, DateOfBirth, DateStarted, NationalityId, [Password], PlaceOfBirth, ReligionId, RoleID, UserName, WorkPlace) values (21, 'Dyna', 'Aldren', 'daldrenk@woothemes.com', 1, '1991-11-19', '2013-05-16', 10, '2ntHHuv', 'Huaccana', 3, 1, 'daldrenk', 'Registered Nurse');
insert into Users (Id, FirstName, LastName, Email, GenderId, DateOfBirth, DateStarted, NationalityId, [Password], PlaceOfBirth, ReligionId, RoleID, UserName, WorkPlace) values (22, 'Delly', 'Beamson', 'dbeamsonl@blogs.com', 2, '1999-01-10', '2015-04-07', 96, '0ZvY21XPQ', 'Baizhu', 3, 1, 'dbeamsonl', 'Biostatistician III');
insert into Users (Id, FirstName, LastName, Email, GenderId, DateOfBirth, DateStarted, NationalityId, [Password], PlaceOfBirth, ReligionId, RoleID, UserName, WorkPlace) values (23, 'Virginie', 'Sherry', 'vsherrym@163.com', 1, '1988-11-13', '2016-03-27', 113, 'UwQooREkEG', 'Alajuela', 2, 1, 'vsherrym', 'Nurse Practicioner');
insert into Users (Id, FirstName, LastName, Email, GenderId, DateOfBirth, DateStarted, NationalityId, [Password], PlaceOfBirth, ReligionId, RoleID, UserName, WorkPlace) values (24, 'Clarance', 'Grimwade', 'cgrimwaden@mac.com', 2, '1992-05-26', '2015-02-02', 97, '1LV6WZO', 'Booterstown', 4, 1, 'cgrimwaden', 'Sales Representative');
insert into Users (Id, FirstName, LastName, Email, GenderId, DateOfBirth, DateStarted, NationalityId, [Password], PlaceOfBirth, ReligionId, RoleID, UserName, WorkPlace) values (25, 'Lynnet', 'Buckney', 'lbuckneyo@businesswire.com', 1, '1992-10-03', '2016-09-06', 100, 'dZcfov', 'Orós', 3, 1, 'lbuckneyo', 'Office Assistant I');
insert into Users (Id, FirstName, LastName, Email, GenderId, DateOfBirth, DateStarted, NationalityId, [Password], PlaceOfBirth, ReligionId, RoleID, UserName, WorkPlace) values (26, 'Donia', 'Rentoul', 'drentoulp@ucoz.com', 2, '1989-08-02', '2010-11-10', 6, 'JsAc2Qx', 'Temryuk', 3, 1, 'drentoulp', 'Community Outreach Specialist');
insert into Users (Id, FirstName, LastName, Email, GenderId, DateOfBirth, DateStarted, NationalityId, [Password], PlaceOfBirth, ReligionId, RoleID, UserName, WorkPlace) values (27, 'Vaughan', 'Ben', 'vbenq@paypal.com', 2, '1999-07-01', '2014-04-21', 51, 'iBn9YJCWm', 'Oodweyne', 3, 1, 'vbenq', 'Recruiting Manager');
insert into Users (Id, FirstName, LastName, Email, GenderId, DateOfBirth, DateStarted, NationalityId, [Password], PlaceOfBirth, ReligionId, RoleID, UserName, WorkPlace) values (28, 'Dyann', 'Mansuer', 'dmansuerr@sourceforge.net', 2, '1996-05-02', '2010-10-02', 44, 'mLd4XfDFF', 'Esperanza', 1, 1, 'dmansuerr', 'Recruiter');
insert into Users (Id, FirstName, LastName, Email, GenderId, DateOfBirth, DateStarted, NationalityId, [Password], PlaceOfBirth, ReligionId, RoleID, UserName, WorkPlace) values (29, 'Davina', 'Petrolli', 'dpetrollis@newsvine.com', 1, null, '2010-04-12', null, '8ipZxce', null, null, 1, 'dpetrollis', null);
insert into Users (Id, FirstName, LastName, Email, GenderId, DateOfBirth, DateStarted, NationalityId, [Password], PlaceOfBirth, ReligionId, RoleID, UserName, WorkPlace) values (30, 'Robers', 'Aveline', 'ravelinet@yolasite.com', 1, '2003-05-28', '2017-01-29', null, 'j6eNaiqd4', null, null, 1, 'ravelinet', 'Environmental Tech');
insert into Users (Id, FirstName, LastName, Email, GenderId, DateOfBirth, DateStarted, NationalityId, [Password], PlaceOfBirth, ReligionId, RoleID, UserName, WorkPlace) values (31, 'Maryan', 'Maykher', 'mr.maykher@gmail.com', 1, '2003-05-28', '2017-01-29', null, 'maryan1995', null, null, 2, 'MaryanDev', 'Admin');

set identity_insert Users off

set identity_insert Relationships on
insert into Relationships (Id, DateOfConfirmation, FriendId, IsConfirmed, SendDate, UserId) values (1, '2017-05-04', 25, 1, '2015-05-21', 26);
insert into Relationships (Id, DateOfConfirmation, FriendId, IsConfirmed, SendDate, UserId) values (2, '2017-03-14', 12, 0, '2015-06-05', 26);
insert into Relationships (Id, DateOfConfirmation, FriendId, IsConfirmed, SendDate, UserId) values (3, '2016-11-24', 29, 0, '2016-07-22', 14);
insert into Relationships (Id, DateOfConfirmation, FriendId, IsConfirmed, SendDate, UserId) values (4, '2016-12-09', 6, 0, '2016-09-18', 18);
insert into Relationships (Id, DateOfConfirmation, FriendId, IsConfirmed, SendDate, UserId) values (5, '2017-09-06', 11, 1, '2015-07-15', 27);
insert into Relationships (Id, DateOfConfirmation, FriendId, IsConfirmed, SendDate, UserId) values (6, '2017-03-17', 3, 1, '2016-01-15', 22);
insert into Relationships (Id, DateOfConfirmation, FriendId, IsConfirmed, SendDate, UserId) values (7, '2017-07-23', 6, 0, '2015-06-28', 20);
insert into Relationships (Id, DateOfConfirmation, FriendId, IsConfirmed, SendDate, UserId) values (8, '2017-04-22', 21, 0, '2015-07-14', 20);
insert into Relationships (Id, DateOfConfirmation, FriendId, IsConfirmed, SendDate, UserId) values (9, '2017-03-25', 7, 0, '2016-04-26', 13);
insert into Relationships (Id, DateOfConfirmation, FriendId, IsConfirmed, SendDate, UserId) values (10, '2017-06-30', 1, 0, '2016-08-25', 24);
insert into Relationships (Id, DateOfConfirmation, FriendId, IsConfirmed, SendDate, UserId) values (11, '2017-07-27', 18, 0, '2016-09-25', 25);
insert into Relationships (Id, DateOfConfirmation, FriendId, IsConfirmed, SendDate, UserId) values (12, '2017-04-15', 3, 1, '2015-03-23', 28);
insert into Relationships (Id, DateOfConfirmation, FriendId, IsConfirmed, SendDate, UserId) values (13, '2016-12-31', 30, 1, '2015-05-29', 4);
insert into Relationships (Id, DateOfConfirmation, FriendId, IsConfirmed, SendDate, UserId) values (14, '2017-08-31', 2, 1, '2015-09-04', 3);
insert into Relationships (Id, DateOfConfirmation, FriendId, IsConfirmed, SendDate, UserId) values (15, '2017-02-23', 19, 0, '2015-04-09', 14);
insert into Relationships (Id, DateOfConfirmation, FriendId, IsConfirmed, SendDate, UserId) values (16, '2016-10-19', 17, 1, '2016-01-22', 22);
insert into Relationships (Id, DateOfConfirmation, FriendId, IsConfirmed, SendDate, UserId) values (17, '2017-04-07', 19, 0, '2015-03-17', 25);
insert into Relationships (Id, DateOfConfirmation, FriendId, IsConfirmed, SendDate, UserId) values (18, '2017-01-20', 16, 0, '2015-12-17', 23);
insert into Relationships (Id, DateOfConfirmation, FriendId, IsConfirmed, SendDate, UserId) values (19, '2017-07-07', 17, 0, '2016-03-05', 21);
insert into Relationships (Id, DateOfConfirmation, FriendId, IsConfirmed, SendDate, UserId) values (20, '2017-03-15', 17, 1, '2015-09-14', 10);
insert into Relationships (Id, DateOfConfirmation, FriendId, IsConfirmed, SendDate, UserId) values (21, '2017-06-17', 30, 1, '2015-08-16', 15);
insert into Relationships (Id, DateOfConfirmation, FriendId, IsConfirmed, SendDate, UserId) values (22, '2017-08-19', 1, 0, '2016-04-22', 2);
insert into Relationships (Id, DateOfConfirmation, FriendId, IsConfirmed, SendDate, UserId) values (23, '2016-10-10', 13, 0, '2015-11-12', 18);
insert into Relationships (Id, DateOfConfirmation, FriendId, IsConfirmed, SendDate, UserId) values (24, '2017-08-02', 17, 0, '2015-12-16', 11);
insert into Relationships (Id, DateOfConfirmation, FriendId, IsConfirmed, SendDate, UserId) values (25, '2017-07-13', 4, 1, '2015-09-30', 18);
insert into Relationships (Id, DateOfConfirmation, FriendId, IsConfirmed, SendDate, UserId) values (26, '2017-03-20', 21, 0, '2016-05-03', 8);
insert into Relationships (Id, DateOfConfirmation, FriendId, IsConfirmed, SendDate, UserId) values (27, '2017-05-20', 13, 1, '2015-07-14', 23);
insert into Relationships (Id, DateOfConfirmation, FriendId, IsConfirmed, SendDate, UserId) values (28, '2017-01-14', 18, 1, '2014-10-09', 24);
insert into Relationships (Id, DateOfConfirmation, FriendId, IsConfirmed, SendDate, UserId) values (29, '2017-04-24', 7, 0, '2015-02-24', 9);
insert into Relationships (Id, DateOfConfirmation, FriendId, IsConfirmed, SendDate, UserId) values (30, '2017-07-13', 6, 0, '2016-01-15', 15);
insert into Relationships (Id, DateOfConfirmation, FriendId, IsConfirmed, SendDate, UserId) values (31, '2016-10-01', 8, 0, '2015-10-16', 20);
insert into Relationships (Id, DateOfConfirmation, FriendId, IsConfirmed, SendDate, UserId) values (32, '2017-01-12', 26, 0, '2016-05-13', 17);
insert into Relationships (Id, DateOfConfirmation, FriendId, IsConfirmed, SendDate, UserId) values (33, '2017-08-18', 29, 1, '2015-01-12', 18);
insert into Relationships (Id, DateOfConfirmation, FriendId, IsConfirmed, SendDate, UserId) values (34, '2017-09-05', 15, 1, '2016-07-08', 16);
insert into Relationships (Id, DateOfConfirmation, FriendId, IsConfirmed, SendDate, UserId) values (35, '2017-08-24', 7, 1, '2015-10-30', 29);
insert into Relationships (Id, DateOfConfirmation, FriendId, IsConfirmed, SendDate, UserId) values (36, '2017-05-15', 16, 0, '2016-01-17', 11);
insert into Relationships (Id, DateOfConfirmation, FriendId, IsConfirmed, SendDate, UserId) values (37, '2017-07-27', 9, 1, '2014-12-11', 30);
insert into Relationships (Id, DateOfConfirmation, FriendId, IsConfirmed, SendDate, UserId) values (38, '2017-08-14', 19, 1, '2014-10-18', 4);
insert into Relationships (Id, DateOfConfirmation, FriendId, IsConfirmed, SendDate, UserId) values (39, '2016-11-22', 25, 0, '2016-08-24', 16);
insert into Relationships (Id, DateOfConfirmation, FriendId, IsConfirmed, SendDate, UserId) values (40, '2017-06-28', 20, 1, '2016-07-15', 15);
insert into Relationships (Id, DateOfConfirmation, FriendId, IsConfirmed, SendDate, UserId) values (41, '2017-05-22', 25, 0, '2015-04-15', 28);
insert into Relationships (Id, DateOfConfirmation, FriendId, IsConfirmed, SendDate, UserId) values (42, '2016-11-24', 20, 0, '2015-06-29', 12);
insert into Relationships (Id, DateOfConfirmation, FriendId, IsConfirmed, SendDate, UserId) values (43, '2016-12-10', 3, 1, '2015-12-31', 3);
insert into Relationships (Id, DateOfConfirmation, FriendId, IsConfirmed, SendDate, UserId) values (44, '2017-04-14', 24, 1, '2014-12-14', 21);
insert into Relationships (Id, DateOfConfirmation, FriendId, IsConfirmed, SendDate, UserId) values (45, '2017-06-18', 14, 0, '2016-02-24', 16);
insert into Relationships (Id, DateOfConfirmation, FriendId, IsConfirmed, SendDate, UserId) values (46, '2017-08-06', 30, 0, '2016-07-13', 20);
insert into Relationships (Id, DateOfConfirmation, FriendId, IsConfirmed, SendDate, UserId) values (47, '2016-10-02', 16, 1, '2016-09-23', 25);
insert into Relationships (Id, DateOfConfirmation, FriendId, IsConfirmed, SendDate, UserId) values (48, '2016-10-14', 21, 0, '2016-06-07', 25);
insert into Relationships (Id, DateOfConfirmation, FriendId, IsConfirmed, SendDate, UserId) values (49, '2016-12-23', 11, 1, '2016-02-12', 6);
insert into Relationships (Id, DateOfConfirmation, FriendId, IsConfirmed, SendDate, UserId) values (50, '2017-07-01', 25, 1, '2015-09-10', 1);
insert into Relationships (Id, DateOfConfirmation, FriendId, IsConfirmed, SendDate, UserId) values (51, '2017-03-17', 19, 1, '2015-05-21', 21);
insert into Relationships (Id, DateOfConfirmation, FriendId, IsConfirmed, SendDate, UserId) values (52, '2017-09-25', 2, 1, '2016-03-24', 14);
insert into Relationships (Id, DateOfConfirmation, FriendId, IsConfirmed, SendDate, UserId) values (53, '2017-07-08', 22, 0, '2015-02-08', 7);
insert into Relationships (Id, DateOfConfirmation, FriendId, IsConfirmed, SendDate, UserId) values (54, '2017-04-14', 26, 1, '2014-10-31', 15);
insert into Relationships (Id, DateOfConfirmation, FriendId, IsConfirmed, SendDate, UserId) values (55, '2017-05-19', 15, 0, '2015-06-20', 23);
insert into Relationships (Id, DateOfConfirmation, FriendId, IsConfirmed, SendDate, UserId) values (56, '2017-08-20', 10, 0, '2015-05-24', 10);
insert into Relationships (Id, DateOfConfirmation, FriendId, IsConfirmed, SendDate, UserId) values (57, '2016-11-09', 11, 1, '2015-05-21', 2);
insert into Relationships (Id, DateOfConfirmation, FriendId, IsConfirmed, SendDate, UserId) values (58, '2016-11-18', 30, 0, '2015-01-08', 30);
insert into Relationships (Id, DateOfConfirmation, FriendId, IsConfirmed, SendDate, UserId) values (59, '2017-01-02', 11, 1, '2014-10-04', 4);
insert into Relationships (Id, DateOfConfirmation, FriendId, IsConfirmed, SendDate, UserId) values (60, '2016-11-18', 21, 1, '2016-01-20', 18);
insert into Relationships (Id, DateOfConfirmation, FriendId, IsConfirmed, SendDate, UserId) values (61, '2017-05-08', 19, 1, '2016-05-09', 23);
insert into Relationships (Id, DateOfConfirmation, FriendId, IsConfirmed, SendDate, UserId) values (62, '2016-11-17', 23, 0, '2016-07-28', 27);
insert into Relationships (Id, DateOfConfirmation, FriendId, IsConfirmed, SendDate, UserId) values (63, '2017-09-24', 3, 0, '2015-11-24', 11);
insert into Relationships (Id, DateOfConfirmation, FriendId, IsConfirmed, SendDate, UserId) values (64, '2017-08-17', 24, 0, '2015-07-28', 8);
insert into Relationships (Id, DateOfConfirmation, FriendId, IsConfirmed, SendDate, UserId) values (65, '2017-06-14', 10, 0, '2015-09-02', 2);
insert into Relationships (Id, DateOfConfirmation, FriendId, IsConfirmed, SendDate, UserId) values (66, '2016-11-24', 9, 0, '2016-07-11', 15);
insert into Relationships (Id, DateOfConfirmation, FriendId, IsConfirmed, SendDate, UserId) values (67, '2017-01-24', 23, 1, '2015-06-04', 26);
insert into Relationships (Id, DateOfConfirmation, FriendId, IsConfirmed, SendDate, UserId) values (68, '2016-10-09', 10, 1, '2015-04-30', 4);
insert into Relationships (Id, DateOfConfirmation, FriendId, IsConfirmed, SendDate, UserId) values (69, '2016-12-11', 11, 1, '2016-03-14', 3);
insert into Relationships (Id, DateOfConfirmation, FriendId, IsConfirmed, SendDate, UserId) values (70, '2017-06-29', 12, 1, '2015-12-24', 24);
insert into Relationships (Id, DateOfConfirmation, FriendId, IsConfirmed, SendDate, UserId) values (71, '2017-06-10', 25, 1, '2015-10-16', 27);
insert into Relationships (Id, DateOfConfirmation, FriendId, IsConfirmed, SendDate, UserId) values (72, '2017-04-30', 11, 0, '2016-04-29', 7);
insert into Relationships (Id, DateOfConfirmation, FriendId, IsConfirmed, SendDate, UserId) values (73, '2017-05-23', 12, 1, '2016-09-16', 19);
insert into Relationships (Id, DateOfConfirmation, FriendId, IsConfirmed, SendDate, UserId) values (74, '2017-06-13', 6, 0, '2014-10-03', 8);
insert into Relationships (Id, DateOfConfirmation, FriendId, IsConfirmed, SendDate, UserId) values (75, '2017-04-22', 23, 1, '2015-09-12', 1);
insert into Relationships (Id, DateOfConfirmation, FriendId, IsConfirmed, SendDate, UserId) values (76, '2017-07-19', 2, 1, '2015-03-20', 9);
insert into Relationships (Id, DateOfConfirmation, FriendId, IsConfirmed, SendDate, UserId) values (77, '2016-12-18', 17, 1, '2015-04-30', 23);
insert into Relationships (Id, DateOfConfirmation, FriendId, IsConfirmed, SendDate, UserId) values (78, '2017-02-14', 19, 0, '2016-04-15', 15);
insert into Relationships (Id, DateOfConfirmation, FriendId, IsConfirmed, SendDate, UserId) values (79, '2017-07-12', 1, 1, '2014-11-10', 7);
insert into Relationships (Id, DateOfConfirmation, FriendId, IsConfirmed, SendDate, UserId) values (80, '2017-09-16', 18, 1, '2015-11-14', 9);
insert into Relationships (Id, DateOfConfirmation, FriendId, IsConfirmed, SendDate, UserId) values (81, '2017-03-14', 18, 1, '2014-12-28', 27);
insert into Relationships (Id, DateOfConfirmation, FriendId, IsConfirmed, SendDate, UserId) values (82, '2016-09-29', 30, 0, '2015-02-25', 29);
insert into Relationships (Id, DateOfConfirmation, FriendId, IsConfirmed, SendDate, UserId) values (83, '2017-01-23', 12, 0, '2015-04-19', 1);
insert into Relationships (Id, DateOfConfirmation, FriendId, IsConfirmed, SendDate, UserId) values (84, '2016-10-27', 9, 0, '2014-11-06', 21);
insert into Relationships (Id, DateOfConfirmation, FriendId, IsConfirmed, SendDate, UserId) values (85, '2017-07-08', 22, 1, '2016-04-06', 8);
insert into Relationships (Id, DateOfConfirmation, FriendId, IsConfirmed, SendDate, UserId) values (86, '2017-09-18', 15, 1, '2015-06-12', 1);
insert into Relationships (Id, DateOfConfirmation, FriendId, IsConfirmed, SendDate, UserId) values (87, '2017-08-13', 19, 1, '2015-04-07', 30);
insert into Relationships (Id, DateOfConfirmation, FriendId, IsConfirmed, SendDate, UserId) values (88, '2016-11-30', 29, 1, '2015-10-19', 6);
insert into Relationships (Id, DateOfConfirmation, FriendId, IsConfirmed, SendDate, UserId) values (89, '2017-05-05', 1, 1, '2016-08-22', 28);
insert into Relationships (Id, DateOfConfirmation, FriendId, IsConfirmed, SendDate, UserId) values (90, '2016-10-23', 17, 1, '2016-01-03', 2);
insert into Relationships (Id, DateOfConfirmation, FriendId, IsConfirmed, SendDate, UserId) values (91, '2017-03-23', 9, 1, '2016-07-31', 19);
insert into Relationships (Id, DateOfConfirmation, FriendId, IsConfirmed, SendDate, UserId) values (92, '2017-01-07', 6, 0, '2016-08-12', 24);
insert into Relationships (Id, DateOfConfirmation, FriendId, IsConfirmed, SendDate, UserId) values (93, '2017-08-10', 20, 1, '2015-06-21', 7);
insert into Relationships (Id, DateOfConfirmation, FriendId, IsConfirmed, SendDate, UserId) values (94, '2017-02-01', 2, 0, '2016-06-19', 13);
insert into Relationships (Id, DateOfConfirmation, FriendId, IsConfirmed, SendDate, UserId) values (95, '2017-02-08', 7, 1, '2015-06-16', 16);
insert into Relationships (Id, DateOfConfirmation, FriendId, IsConfirmed, SendDate, UserId) values (96, '2017-09-02', 8, 1, '2014-09-29', 19);
insert into Relationships (Id, DateOfConfirmation, FriendId, IsConfirmed, SendDate, UserId) values (97, '2016-11-16', 4, 1, '2015-12-14', 15);
insert into Relationships (Id, DateOfConfirmation, FriendId, IsConfirmed, SendDate, UserId) values (98, '2017-05-22', 19, 1, '2014-10-10', 9);
insert into Relationships (Id, DateOfConfirmation, FriendId, IsConfirmed, SendDate, UserId) values (99, '2017-04-02', 22, 0, '2016-02-23', 13);
insert into Relationships (Id, DateOfConfirmation, FriendId, IsConfirmed, SendDate, UserId) values (100, '2017-08-21', 17, 1, '2015-08-18', 7);
set identity_insert Relationships off

set identity_insert dbo.[Messages] on

insert into [Messages] (Id, FromUserId, SendDate, [Text], ToUserId) values (1, 5, '2017-05-15', 'In sagittis dui vel nisl. Duis ac nibh. Fusce lacus purus, aliquet at, feugiat non, pretium quis, lectus.

Suspendisse potenti. In eleifend quam a odio. In hac habitasse platea dictumst.', 4);
insert into [Messages] (Id, FromUserId, SendDate, [Text], ToUserId) values (2, 24, '2017-01-20', 'Morbi porttitor lorem id ligula. Suspendisse ornare consequat lectus. In est risus, auctor sed, tristique in, tempus sit amet, sem.', 20);
insert into [Messages] (Id, FromUserId, SendDate, [Text], ToUserId) values (3, 16, '2016-12-28', 'Cum sociis natoque penatibus et magnis dis parturient montes, nascetur ridiculus mus. Vivamus vestibulum sagittis sapien. Cum sociis natoque penatibus et magnis dis parturient montes, nascetur ridiculus mus.', 9);
insert into [Messages] (Id, FromUserId, SendDate, [Text], ToUserId) values (4, 20, '2016-10-30', 'Etiam vel augue. Vestibulum rutrum rutrum neque. Aenean auctor gravida sem.', 5);
insert into [Messages] (Id, FromUserId, SendDate, [Text], ToUserId) values (5, 3, '2017-09-03', 'Nam ultrices, libero non mattis pulvinar, nulla pede ullamcorper augue, a suscipit nulla elit ac nulla. Sed vel enim sit amet nunc viverra dapibus. Nulla suscipit ligula in lacus.

Curabitur at ipsum ac tellus semper interdum. Mauris ullamcorper purus sit amet nulla. Quisque arcu libero, rutrum ac, lobortis vel, dapibus at, diam.', 21);
insert into [Messages] (Id, FromUserId, SendDate, [Text], ToUserId) values (6, 24, '2016-12-26', 'Morbi porttitor lorem id ligula. Suspendisse ornare consequat lectus. In est risus, auctor sed, tristique in, tempus sit amet, sem.

Fusce consequat. Nulla nisl. Nunc nisl.', 29);
insert into [Messages] (Id, FromUserId, SendDate, [Text], ToUserId) values (7, 9, '2017-04-07', 'Duis aliquam convallis nunc. Proin at turpis a pede posuere nonummy. Integer non velit.

Donec diam neque, vestibulum eget, vulputate ut, ultrices vel, augue. Vestibulum ante ipsum primis in faucibus orci luctus et ultrices posuere cubilia Curae; Donec pharetra, magna vestibulum aliquet ultrices, erat tortor sollicitudin mi, sit amet lobortis sapien sapien non mi. Integer ac neque.', 11);
insert into [Messages] (Id, FromUserId, SendDate, [Text], ToUserId) values (8, 16, '2016-12-14', 'Praesent blandit. Nam nulla. Integer pede justo, lacinia eget, tincidunt eget, tempus vel, pede.', 11);
insert into [Messages] (Id, FromUserId, SendDate, [Text], ToUserId) values (9, 9, '2017-04-30', 'Praesent blandit. Nam nulla. Integer pede justo, lacinia eget, tincidunt eget, tempus vel, pede.', 10);
insert into [Messages] (Id, FromUserId, SendDate, [Text], ToUserId) values (10, 14, '2016-10-01', 'Morbi non lectus. Aliquam sit amet diam in magna bibendum imperdiet. Nullam orci pede, venenatis non, sodales sed, tincidunt eu, felis.

Fusce posuere felis sed lacus. Morbi sem mauris, laoreet ut, rhoncus aliquet, pulvinar sed, nisl. Nunc rhoncus dui vel sem.', 28);
insert into [Messages] (Id, FromUserId, SendDate, [Text], ToUserId) values (11, 13, '2017-08-15', 'Proin interdum mauris non ligula pellentesque ultrices. Phasellus id sapien in sapien iaculis congue. Vivamus metus arcu, adipiscing molestie, hendrerit at, vulputate vitae, nisl.', 10);
insert into [Messages] (Id, FromUserId, SendDate, [Text], ToUserId) values (12, 4, '2017-05-04', 'In hac habitasse platea dictumst. Morbi vestibulum, velit id pretium iaculis, diam erat fermentum justo, nec condimentum neque sapien placerat ante. Nulla justo.

Aliquam quis turpis eget elit sodales scelerisque. Mauris sit amet eros. Suspendisse accumsan tortor quis turpis.', 24);
insert into [Messages] (Id, FromUserId, SendDate, [Text], ToUserId) values (13, 30, '2017-02-10', 'Proin interdum mauris non ligula pellentesque ultrices. Phasellus id sapien in sapien iaculis congue. Vivamus metus arcu, adipiscing molestie, hendrerit at, vulputate vitae, nisl.', 13);
insert into [Messages] (Id, FromUserId, SendDate, [Text], ToUserId) values (14, 9, '2017-04-17', 'In congue. Etiam justo. Etiam pretium iaculis justo.', 2);
insert into [Messages] (Id, FromUserId, SendDate, [Text], ToUserId) values (15, 20, '2017-02-20', 'Duis bibendum. Morbi non quam nec dui luctus rutrum. Nulla tellus.

In sagittis dui vel nisl. Duis ac nibh. Fusce lacus purus, aliquet at, feugiat non, pretium quis, lectus.', 7);
insert into [Messages] (Id, FromUserId, SendDate, [Text], ToUserId) values (16, 17, '2016-10-27', 'Lorem ipsum dolor sit amet, consectetuer adipiscing elit. Proin risus. Praesent lectus.

Vestibulum quam sapien, varius ut, blandit non, interdum in, ante. Vestibulum ante ipsum primis in faucibus orci luctus et ultrices posuere cubilia Curae; Duis faucibus accumsan odio. Curabitur convallis.', 8);
insert into [Messages] (Id, FromUserId, SendDate, [Text], ToUserId) values (17, 28, '2016-12-26', 'Nulla ut erat id mauris vulputate elementum. Nullam varius. Nulla facilisi.

Cras non velit nec nisi vulputate nonummy. Maecenas tincidunt lacus at velit. Vivamus vel nulla eget eros elementum pellentesque.', 24);
insert into [Messages] (Id, FromUserId, SendDate, [Text], ToUserId) values (18, 21, '2016-09-29', 'Duis consequat dui nec nisi volutpat eleifend. Donec ut dolor. Morbi vel lectus in quam fringilla rhoncus.

Mauris enim leo, rhoncus sed, vestibulum sit amet, cursus id, turpis. Integer aliquet, massa id lobortis convallis, tortor risus dapibus augue, vel accumsan tellus nisi eu orci. Mauris lacinia sapien quis libero.', 7);
insert into [Messages] (Id, FromUserId, SendDate, [Text], ToUserId) values (19, 15, '2017-06-13', 'Curabitur in libero ut massa volutpat convallis. Morbi odio odio, elementum eu, interdum eu, tincidunt in, leo. Maecenas pulvinar lobortis est.', 2);
insert into [Messages] (Id, FromUserId, SendDate, [Text], ToUserId) values (20, 29, '2017-02-06', 'Morbi porttitor lorem id ligula. Suspendisse ornare consequat lectus. In est risus, auctor sed, tristique in, tempus sit amet, sem.

Fusce consequat. Nulla nisl. Nunc nisl.', 7);
insert into [Messages] (Id, FromUserId, SendDate, [Text], ToUserId) values (21, 29, '2017-02-11', 'Nulla ut erat id mauris vulputate elementum. Nullam varius. Nulla facilisi.

Cras non velit nec nisi vulputate nonummy. Maecenas tincidunt lacus at velit. Vivamus vel nulla eget eros elementum pellentesque.', 19);
insert into [Messages] (Id, FromUserId, SendDate, [Text], ToUserId) values (22, 1, '2017-08-30', 'Praesent blandit. Nam nulla. Integer pede justo, lacinia eget, tincidunt eget, tempus vel, pede.', 8);
insert into [Messages] (Id, FromUserId, SendDate, [Text], ToUserId) values (23, 1, '2016-11-05', 'Donec diam neque, vestibulum eget, vulputate ut, ultrices vel, augue. Vestibulum ante ipsum primis in faucibus orci luctus et ultrices posuere cubilia Curae; Donec pharetra, magna vestibulum aliquet ultrices, erat tortor sollicitudin mi, sit amet lobortis sapien sapien non mi. Integer ac neque.', 11);
insert into [Messages] (Id, FromUserId, SendDate, [Text], ToUserId) values (24, 17, '2016-09-27', 'Duis consequat dui nec nisi volutpat eleifend. Donec ut dolor. Morbi vel lectus in quam fringilla rhoncus.

Mauris enim leo, rhoncus sed, vestibulum sit amet, cursus id, turpis. Integer aliquet, massa id lobortis convallis, tortor risus dapibus augue, vel accumsan tellus nisi eu orci. Mauris lacinia sapien quis libero.', 17);
insert into [Messages] (Id, FromUserId, SendDate, [Text], ToUserId) values (25, 12, '2016-09-27', 'In quis justo. Maecenas rhoncus aliquam lacus. Morbi quis tortor id nulla ultrices aliquet.', 19);
insert into [Messages] (Id, FromUserId, SendDate, [Text], ToUserId) values (26, 18, '2017-06-06', 'Aliquam quis turpis eget elit sodales scelerisque. Mauris sit amet eros. Suspendisse accumsan tortor quis turpis.

Sed ante. Vivamus tortor. Duis mattis egestas metus.', 20);
insert into [Messages] (Id, FromUserId, SendDate, [Text], ToUserId) values (27, 11, '2017-02-02', 'Quisque id justo sit amet sapien dignissim vestibulum. Vestibulum ante ipsum primis in faucibus orci luctus et ultrices posuere cubilia Curae; Nulla dapibus dolor vel est. Donec odio justo, sollicitudin ut, suscipit a, feugiat et, eros.', 5);
insert into [Messages] (Id, FromUserId, SendDate, [Text], ToUserId) values (28, 9, '2017-08-10', 'In hac habitasse platea dictumst. Etiam faucibus cursus urna. Ut tellus.', 14);
insert into [Messages] (Id, FromUserId, SendDate, [Text], ToUserId) values (29, 15, '2017-01-23', 'Curabitur in libero ut massa volutpat convallis. Morbi odio odio, elementum eu, interdum eu, tincidunt in, leo. Maecenas pulvinar lobortis est.

Phasellus sit amet erat. Nulla tempus. Vivamus in felis eu sapien cursus vestibulum.', 14);
insert into [Messages] (Id, FromUserId, SendDate, [Text], ToUserId) values (30, 24, '2017-03-01', 'Nam ultrices, libero non mattis pulvinar, nulla pede ullamcorper augue, a suscipit nulla elit ac nulla. Sed vel enim sit amet nunc viverra dapibus. Nulla suscipit ligula in lacus.', 4);
insert into [Messages] (Id, FromUserId, SendDate, [Text], ToUserId) values (31, 21, '2017-04-02', 'Cras non velit nec nisi vulputate nonummy. Maecenas tincidunt lacus at velit. Vivamus vel nulla eget eros elementum pellentesque.

Quisque porta volutpat erat. Quisque erat eros, viverra eget, congue eget, semper rutrum, nulla. Nunc purus.', 19);
insert into [Messages] (Id, FromUserId, SendDate, [Text], ToUserId) values (32, 7, '2017-09-18', 'Suspendisse potenti. In eleifend quam a odio. In hac habitasse platea dictumst.

Maecenas ut massa quis augue luctus tincidunt. Nulla mollis molestie lorem. Quisque ut erat.', 17);
insert into [Messages] (Id, FromUserId, SendDate, [Text], ToUserId) values (33, 7, '2017-02-19', 'Fusce consequat. Nulla nisl. Nunc nisl.', 13);
insert into [Messages] (Id, FromUserId, SendDate, [Text], ToUserId) values (34, 10, '2017-04-11', 'Vestibulum quam sapien, varius ut, blandit non, interdum in, ante. Vestibulum ante ipsum primis in faucibus orci luctus et ultrices posuere cubilia Curae; Duis faucibus accumsan odio. Curabitur convallis.

Duis consequat dui nec nisi volutpat eleifend. Donec ut dolor. Morbi vel lectus in quam fringilla rhoncus.', 1);
insert into [Messages] (Id, FromUserId, SendDate, [Text], ToUserId) values (35, 30, '2017-05-10', 'Duis consequat dui nec nisi volutpat eleifend. Donec ut dolor. Morbi vel lectus in quam fringilla rhoncus.', 26);
insert into [Messages] (Id, FromUserId, SendDate, [Text], ToUserId) values (36, 26, '2016-12-09', 'Quisque id justo sit amet sapien dignissim vestibulum. Vestibulum ante ipsum primis in faucibus orci luctus et ultrices posuere cubilia Curae; Nulla dapibus dolor vel est. Donec odio justo, sollicitudin ut, suscipit a, feugiat et, eros.

Vestibulum ac est lacinia nisi venenatis tristique. Fusce congue, diam id ornare imperdiet, sapien urna pretium nisl, ut volutpat sapien arcu sed augue. Aliquam erat volutpat.', 30);
insert into [Messages] (Id, FromUserId, SendDate, [Text], ToUserId) values (37, 29, '2017-01-09', 'Curabitur in libero ut massa volutpat convallis. Morbi odio odio, elementum eu, interdum eu, tincidunt in, leo. Maecenas pulvinar lobortis est.

Phasellus sit amet erat. Nulla tempus. Vivamus in felis eu sapien cursus vestibulum.', 4);
insert into [Messages] (Id, FromUserId, SendDate, [Text], ToUserId) values (38, 26, '2017-08-24', 'Curabitur in libero ut massa volutpat convallis. Morbi odio odio, elementum eu, interdum eu, tincidunt in, leo. Maecenas pulvinar lobortis est.

Phasellus sit amet erat. Nulla tempus. Vivamus in felis eu sapien cursus vestibulum.', 3);
insert into [Messages] (Id, FromUserId, SendDate, [Text], ToUserId) values (39, 25, '2017-04-28', 'Fusce consequat. Nulla nisl. Nunc nisl.

Duis bibendum, felis sed interdum venenatis, turpis enim blandit mi, in porttitor pede justo eu massa. Donec dapibus. Duis at velit eu est congue elementum.', 19);
insert into [Messages] (Id, FromUserId, SendDate, [Text], ToUserId) values (40, 30, '2017-03-15', 'Curabitur in libero ut massa volutpat convallis. Morbi odio odio, elementum eu, interdum eu, tincidunt in, leo. Maecenas pulvinar lobortis est.

Phasellus sit amet erat. Nulla tempus. Vivamus in felis eu sapien cursus vestibulum.', 24);
insert into [Messages] (Id, FromUserId, SendDate, [Text], ToUserId) values (41, 23, '2017-07-09', 'Quisque porta volutpat erat. Quisque erat eros, viverra eget, congue eget, semper rutrum, nulla. Nunc purus.

Phasellus in felis. Donec semper sapien a libero. Nam dui.', 13);
insert into [Messages] (Id, FromUserId, SendDate, [Text], ToUserId) values (42, 15, '2017-02-28', 'Fusce consequat. Nulla nisl. Nunc nisl.

Duis bibendum, felis sed interdum venenatis, turpis enim blandit mi, in porttitor pede justo eu massa. Donec dapibus. Duis at velit eu est congue elementum.', 29);
insert into [Messages] (Id, FromUserId, SendDate, [Text], ToUserId) values (43, 13, '2017-07-07', 'Praesent id massa id nisl venenatis lacinia. Aenean sit amet justo. Morbi ut odio.', 8);
insert into [Messages] (Id, FromUserId, SendDate, [Text], ToUserId) values (44, 29, '2017-01-28', 'Morbi porttitor lorem id ligula. Suspendisse ornare consequat lectus. In est risus, auctor sed, tristique in, tempus sit amet, sem.', 20);
insert into [Messages] (Id, FromUserId, SendDate, [Text], ToUserId) values (45, 1, '2017-07-13', 'Aliquam quis turpis eget elit sodales scelerisque. Mauris sit amet eros. Suspendisse accumsan tortor quis turpis.

Sed ante. Vivamus tortor. Duis mattis egestas metus.', 10);
insert into [Messages] (Id, FromUserId, SendDate, [Text], ToUserId) values (46, 21, '2016-11-11', 'Sed ante. Vivamus tortor. Duis mattis egestas metus.', 29);
insert into [Messages] (Id, FromUserId, SendDate, [Text], ToUserId) values (47, 6, '2017-07-26', 'Nulla ut erat id mauris vulputate elementum. Nullam varius. Nulla facilisi.

Cras non velit nec nisi vulputate nonummy. Maecenas tincidunt lacus at velit. Vivamus vel nulla eget eros elementum pellentesque.', 2);
insert into [Messages] (Id, FromUserId, SendDate, [Text], ToUserId) values (48, 24, '2017-08-11', 'In hac habitasse platea dictumst. Etiam faucibus cursus urna. Ut tellus.

Nulla ut erat id mauris vulputate elementum. Nullam varius. Nulla facilisi.', 11);
insert into [Messages] (Id, FromUserId, SendDate, [Text], ToUserId) values (49, 12, '2016-11-03', 'Quisque porta volutpat erat. Quisque erat eros, viverra eget, congue eget, semper rutrum, nulla. Nunc purus.', 21);
insert into [Messages] (Id, FromUserId, SendDate, [Text], ToUserId) values (50, 10, '2017-05-22', 'Curabitur gravida nisi at nibh. In hac habitasse platea dictumst. Aliquam augue quam, sollicitudin vitae, consectetuer eget, rutrum at, lorem.

Integer tincidunt ante vel ipsum. Praesent blandit lacinia erat. Vestibulum sed magna at nunc commodo placerat.', 11);
insert into [Messages] (Id, FromUserId, SendDate, [Text], ToUserId) values (51, 12, '2017-03-27', 'Praesent id massa id nisl venenatis lacinia. Aenean sit amet justo. Morbi ut odio.

Cras mi pede, malesuada in, imperdiet et, commodo vulputate, justo. In blandit ultrices enim. Lorem ipsum dolor sit amet, consectetuer adipiscing elit.', 13);
insert into [Messages] (Id, FromUserId, SendDate, [Text], ToUserId) values (52, 5, '2017-08-18', 'Aliquam quis turpis eget elit sodales scelerisque. Mauris sit amet eros. Suspendisse accumsan tortor quis turpis.', 27);
insert into [Messages] (Id, FromUserId, SendDate, [Text], ToUserId) values (53, 4, '2017-09-19', 'Maecenas tristique, est et tempus semper, est quam pharetra magna, ac consequat metus sapien ut nunc. Vestibulum ante ipsum primis in faucibus orci luctus et ultrices posuere cubilia Curae; Mauris viverra diam vitae quam. Suspendisse potenti.

Nullam porttitor lacus at turpis. Donec posuere metus vitae ipsum. Aliquam non mauris.', 1);
insert into [Messages] (Id, FromUserId, SendDate, [Text], ToUserId) values (54, 29, '2017-08-13', 'Morbi non lectus. Aliquam sit amet diam in magna bibendum imperdiet. Nullam orci pede, venenatis non, sodales sed, tincidunt eu, felis.', 23);
insert into [Messages] (Id, FromUserId, SendDate, [Text], ToUserId) values (55, 8, '2017-01-20', 'Aenean fermentum. Donec ut mauris eget massa tempor convallis. Nulla neque libero, convallis eget, eleifend luctus, ultricies eu, nibh.

Quisque id justo sit amet sapien dignissim vestibulum. Vestibulum ante ipsum primis in faucibus orci luctus et ultrices posuere cubilia Curae; Nulla dapibus dolor vel est. Donec odio justo, sollicitudin ut, suscipit a, feugiat et, eros.', 20);
insert into [Messages] (Id, FromUserId, SendDate, [Text], ToUserId) values (56, 26, '2017-06-03', 'Nam ultrices, libero non mattis pulvinar, nulla pede ullamcorper augue, a suscipit nulla elit ac nulla. Sed vel enim sit amet nunc viverra dapibus. Nulla suscipit ligula in lacus.', 10);
insert into [Messages] (Id, FromUserId, SendDate, [Text], ToUserId) values (57, 11, '2017-01-31', 'Quisque porta volutpat erat. Quisque erat eros, viverra eget, congue eget, semper rutrum, nulla. Nunc purus.

Phasellus in felis. Donec semper sapien a libero. Nam dui.', 23);
insert into [Messages] (Id, FromUserId, SendDate, [Text], ToUserId) values (58, 12, '2016-10-25', 'Proin eu mi. Nulla ac enim. In tempor, turpis nec euismod scelerisque, quam turpis adipiscing lorem, vitae mattis nibh ligula nec sem.

Duis aliquam convallis nunc. Proin at turpis a pede posuere nonummy. Integer non velit.', 25);
insert into [Messages] (Id, FromUserId, SendDate, [Text], ToUserId) values (59, 23, '2017-09-04', 'Nullam porttitor lacus at turpis. Donec posuere metus vitae ipsum. Aliquam non mauris.', 9);
insert into [Messages] (Id, FromUserId, SendDate, [Text], ToUserId) values (60, 5, '2017-01-31', 'Fusce consequat. Nulla nisl. Nunc nisl.

Duis bibendum, felis sed interdum venenatis, turpis enim blandit mi, in porttitor pede justo eu massa. Donec dapibus. Duis at velit eu est congue elementum.', 2);
insert into [Messages] (Id, FromUserId, SendDate, [Text], ToUserId) values (61, 23, '2016-10-02', 'Quisque id justo sit amet sapien dignissim vestibulum. Vestibulum ante ipsum primis in faucibus orci luctus et ultrices posuere cubilia Curae; Nulla dapibus dolor vel est. Donec odio justo, sollicitudin ut, suscipit a, feugiat et, eros.

Vestibulum ac est lacinia nisi venenatis tristique. Fusce congue, diam id ornare imperdiet, sapien urna pretium nisl, ut volutpat sapien arcu sed augue. Aliquam erat volutpat.', 2);
insert into [Messages] (Id, FromUserId, SendDate, [Text], ToUserId) values (62, 29, '2017-08-12', 'Lorem ipsum dolor sit amet, consectetuer adipiscing elit. Proin risus. Praesent lectus.

Vestibulum quam sapien, varius ut, blandit non, interdum in, ante. Vestibulum ante ipsum primis in faucibus orci luctus et ultrices posuere cubilia Curae; Duis faucibus accumsan odio. Curabitur convallis.', 24);
insert into [Messages] (Id, FromUserId, SendDate, [Text], ToUserId) values (63, 21, '2017-08-07', 'Pellentesque at nulla. Suspendisse potenti. Cras in purus eu magna vulputate luctus.

Cum sociis natoque penatibus et magnis dis parturient montes, nascetur ridiculus mus. Vivamus vestibulum sagittis sapien. Cum sociis natoque penatibus et magnis dis parturient montes, nascetur ridiculus mus.', 19);
insert into [Messages] (Id, FromUserId, SendDate, [Text], ToUserId) values (64, 7, '2016-12-03', 'Praesent blandit. Nam nulla. Integer pede justo, lacinia eget, tincidunt eget, tempus vel, pede.', 7);
insert into [Messages] (Id, FromUserId, SendDate, [Text], ToUserId) values (65, 30, '2017-02-10', 'Morbi non lectus. Aliquam sit amet diam in magna bibendum imperdiet. Nullam orci pede, venenatis non, sodales sed, tincidunt eu, felis.', 19);
insert into [Messages] (Id, FromUserId, SendDate, [Text], ToUserId) values (66, 29, '2017-06-26', 'Aenean fermentum. Donec ut mauris eget massa tempor convallis. Nulla neque libero, convallis eget, eleifend luctus, ultricies eu, nibh.', 29);
insert into [Messages] (Id, FromUserId, SendDate, [Text], ToUserId) values (67, 14, '2017-03-16', 'In sagittis dui vel nisl. Duis ac nibh. Fusce lacus purus, aliquet at, feugiat non, pretium quis, lectus.', 26);
insert into [Messages] (Id, FromUserId, SendDate, [Text], ToUserId) values (68, 14, '2017-09-10', 'Praesent id massa id nisl venenatis lacinia. Aenean sit amet justo. Morbi ut odio.

Cras mi pede, malesuada in, imperdiet et, commodo vulputate, justo. In blandit ultrices enim. Lorem ipsum dolor sit amet, consectetuer adipiscing elit.', 14);
insert into [Messages] (Id, FromUserId, SendDate, [Text], ToUserId) values (69, 20, '2017-05-16', 'In quis justo. Maecenas rhoncus aliquam lacus. Morbi quis tortor id nulla ultrices aliquet.

Maecenas leo odio, condimentum id, luctus nec, molestie sed, justo. Pellentesque viverra pede ac diam. Cras pellentesque volutpat dui.', 29);
insert into [Messages] (Id, FromUserId, SendDate, [Text], ToUserId) values (70, 6, '2016-11-22', 'Duis consequat dui nec nisi volutpat eleifend. Donec ut dolor. Morbi vel lectus in quam fringilla rhoncus.

Mauris enim leo, rhoncus sed, vestibulum sit amet, cursus id, turpis. Integer aliquet, massa id lobortis convallis, tortor risus dapibus augue, vel accumsan tellus nisi eu orci. Mauris lacinia sapien quis libero.', 23);
insert into [Messages] (Id, FromUserId, SendDate, [Text], ToUserId) values (71, 26, '2017-01-08', 'In congue. Etiam justo. Etiam pretium iaculis justo.

In hac habitasse platea dictumst. Etiam faucibus cursus urna. Ut tellus.', 14);
insert into [Messages] (Id, FromUserId, SendDate, [Text], ToUserId) values (72, 12, '2017-07-26', 'Quisque id justo sit amet sapien dignissim vestibulum. Vestibulum ante ipsum primis in faucibus orci luctus et ultrices posuere cubilia Curae; Nulla dapibus dolor vel est. Donec odio justo, sollicitudin ut, suscipit a, feugiat et, eros.

Vestibulum ac est lacinia nisi venenatis tristique. Fusce congue, diam id ornare imperdiet, sapien urna pretium nisl, ut volutpat sapien arcu sed augue. Aliquam erat volutpat.', 1);
insert into [Messages] (Id, FromUserId, SendDate, [Text], ToUserId) values (73, 20, '2017-09-24', 'Nullam sit amet turpis elementum ligula vehicula consequat. Morbi a ipsum. Integer a nibh.', 1);
insert into [Messages] (Id, FromUserId, SendDate, [Text], ToUserId) values (74, 27, '2017-01-02', 'Suspendisse potenti. In eleifend quam a odio. In hac habitasse platea dictumst.', 28);
insert into [Messages] (Id, FromUserId, SendDate, [Text], ToUserId) values (75, 27, '2016-10-02', 'Duis bibendum, felis sed interdum venenatis, turpis enim blandit mi, in porttitor pede justo eu massa. Donec dapibus. Duis at velit eu est congue elementum.', 1);
insert into [Messages] (Id, FromUserId, SendDate, [Text], ToUserId) values (76, 1, '2017-07-24', 'Phasellus sit amet erat. Nulla tempus. Vivamus in felis eu sapien cursus vestibulum.', 9);
insert into [Messages] (Id, FromUserId, SendDate, [Text], ToUserId) values (77, 29, '2016-10-06', 'Pellentesque at nulla. Suspendisse potenti. Cras in purus eu magna vulputate luctus.

Cum sociis natoque penatibus et magnis dis parturient montes, nascetur ridiculus mus. Vivamus vestibulum sagittis sapien. Cum sociis natoque penatibus et magnis dis parturient montes, nascetur ridiculus mus.', 2);
insert into [Messages] (Id, FromUserId, SendDate, [Text], ToUserId) values (78, 14, '2017-07-25', 'Proin interdum mauris non ligula pellentesque ultrices. Phasellus id sapien in sapien iaculis congue. Vivamus metus arcu, adipiscing molestie, hendrerit at, vulputate vitae, nisl.', 18);
insert into [Messages] (Id, FromUserId, SendDate, [Text], ToUserId) values (79, 22, '2017-01-04', 'Sed ante. Vivamus tortor. Duis mattis egestas metus.', 20);
insert into [Messages] (Id, FromUserId, SendDate, [Text], ToUserId) values (80, 4, '2016-11-04', 'Fusce consequat. Nulla nisl. Nunc nisl.

Duis bibendum, felis sed interdum venenatis, turpis enim blandit mi, in porttitor pede justo eu massa. Donec dapibus. Duis at velit eu est congue elementum.', 8);
insert into [Messages] (Id, FromUserId, SendDate, [Text], ToUserId) values (81, 20, '2017-06-09', 'Cras mi pede, malesuada in, imperdiet et, commodo vulputate, justo. In blandit ultrices enim. Lorem ipsum dolor sit amet, consectetuer adipiscing elit.', 1);
insert into [Messages] (Id, FromUserId, SendDate, [Text], ToUserId) values (82, 4, '2016-11-26', 'Proin eu mi. Nulla ac enim. In tempor, turpis nec euismod scelerisque, quam turpis adipiscing lorem, vitae mattis nibh ligula nec sem.

Duis aliquam convallis nunc. Proin at turpis a pede posuere nonummy. Integer non velit.', 12);
insert into [Messages] (Id, FromUserId, SendDate, [Text], ToUserId) values (83, 29, '2017-02-10', 'Quisque porta volutpat erat. Quisque erat eros, viverra eget, congue eget, semper rutrum, nulla. Nunc purus.

Phasellus in felis. Donec semper sapien a libero. Nam dui.', 11);
insert into [Messages] (Id, FromUserId, SendDate, [Text], ToUserId) values (84, 7, '2016-10-29', 'Sed ante. Vivamus tortor. Duis mattis egestas metus.

Aenean fermentum. Donec ut mauris eget massa tempor convallis. Nulla neque libero, convallis eget, eleifend luctus, ultricies eu, nibh.', 17);
insert into [Messages] (Id, FromUserId, SendDate, [Text], ToUserId) values (85, 14, '2016-11-25', 'Nam ultrices, libero non mattis pulvinar, nulla pede ullamcorper augue, a suscipit nulla elit ac nulla. Sed vel enim sit amet nunc viverra dapibus. Nulla suscipit ligula in lacus.', 27);
insert into [Messages] (Id, FromUserId, SendDate, [Text], ToUserId) values (86, 30, '2017-04-21', 'Morbi non lectus. Aliquam sit amet diam in magna bibendum imperdiet. Nullam orci pede, venenatis non, sodales sed, tincidunt eu, felis.', 8);
insert into [Messages] (Id, FromUserId, SendDate, [Text], ToUserId) values (87, 23, '2016-12-07', 'Praesent id massa id nisl venenatis lacinia. Aenean sit amet justo. Morbi ut odio.', 24);
insert into [Messages] (Id, FromUserId, SendDate, [Text], ToUserId) values (88, 10, '2017-02-10', 'Fusce posuere felis sed lacus. Morbi sem mauris, laoreet ut, rhoncus aliquet, pulvinar sed, nisl. Nunc rhoncus dui vel sem.', 24);
insert into [Messages] (Id, FromUserId, SendDate, [Text], ToUserId) values (89, 7, '2017-08-25', 'Praesent blandit. Nam nulla. Integer pede justo, lacinia eget, tincidunt eget, tempus vel, pede.

Morbi porttitor lorem id ligula. Suspendisse ornare consequat lectus. In est risus, auctor sed, tristique in, tempus sit amet, sem.', 5);
insert into [Messages] (Id, FromUserId, SendDate, [Text], ToUserId) values (90, 19, '2017-03-10', 'Aliquam quis turpis eget elit sodales scelerisque. Mauris sit amet eros. Suspendisse accumsan tortor quis turpis.

Sed ante. Vivamus tortor. Duis mattis egestas metus.', 9);
insert into [Messages] (Id, FromUserId, SendDate, [Text], ToUserId) values (91, 22, '2017-01-15', 'Vestibulum ac est lacinia nisi venenatis tristique. Fusce congue, diam id ornare imperdiet, sapien urna pretium nisl, ut volutpat sapien arcu sed augue. Aliquam erat volutpat.

In congue. Etiam justo. Etiam pretium iaculis justo.', 7);
insert into [Messages] (Id, FromUserId, SendDate, [Text], ToUserId) values (92, 5, '2017-02-07', 'Lorem ipsum dolor sit amet, consectetuer adipiscing elit. Proin risus. Praesent lectus.', 11);
insert into [Messages] (Id, FromUserId, SendDate, [Text], ToUserId) values (93, 23, '2017-09-25', 'Duis consequat dui nec nisi volutpat eleifend. Donec ut dolor. Morbi vel lectus in quam fringilla rhoncus.

Mauris enim leo, rhoncus sed, vestibulum sit amet, cursus id, turpis. Integer aliquet, massa id lobortis convallis, tortor risus dapibus augue, vel accumsan tellus nisi eu orci. Mauris lacinia sapien quis libero.', 3);
insert into [Messages] (Id, FromUserId, SendDate, [Text], ToUserId) values (94, 29, '2016-11-04', 'Nam ultrices, libero non mattis pulvinar, nulla pede ullamcorper augue, a suscipit nulla elit ac nulla. Sed vel enim sit amet nunc viverra dapibus. Nulla suscipit ligula in lacus.

Curabitur at ipsum ac tellus semper interdum. Mauris ullamcorper purus sit amet nulla. Quisque arcu libero, rutrum ac, lobortis vel, dapibus at, diam.', 2);
insert into [Messages] (Id, FromUserId, SendDate, [Text], ToUserId) values (95, 19, '2017-04-29', 'Aenean lectus. Pellentesque eget nunc. Donec quis orci eget orci vehicula condimentum.', 27);
insert into [Messages] (Id, FromUserId, SendDate, [Text], ToUserId) values (96, 14, '2017-02-27', 'Sed ante. Vivamus tortor. Duis mattis egestas metus.

Aenean fermentum. Donec ut mauris eget massa tempor convallis. Nulla neque libero, convallis eget, eleifend luctus, ultricies eu, nibh.', 14);
insert into [Messages] (Id, FromUserId, SendDate, [Text], ToUserId) values (97, 2, '2017-08-23', 'Cras non velit nec nisi vulputate nonummy. Maecenas tincidunt lacus at velit. Vivamus vel nulla eget eros elementum pellentesque.

Quisque porta volutpat erat. Quisque erat eros, viverra eget, congue eget, semper rutrum, nulla. Nunc purus.', 8);
insert into [Messages] (Id, FromUserId, SendDate, [Text], ToUserId) values (98, 1, '2016-11-01', 'Aliquam quis turpis eget elit sodales scelerisque. Mauris sit amet eros. Suspendisse accumsan tortor quis turpis.', 25);
insert into [Messages] (Id, FromUserId, SendDate, [Text], ToUserId) values (99, 19, '2017-02-10', 'Praesent blandit. Nam nulla. Integer pede justo, lacinia eget, tincidunt eget, tempus vel, pede.', 10);
insert into [Messages] (Id, FromUserId, SendDate, [Text], ToUserId) values (100, 2, '2016-11-01', 'Proin interdum mauris non ligula pellentesque ultrices. Phasellus id sapien in sapien iaculis congue. Vivamus metus arcu, adipiscing molestie, hendrerit at, vulputate vitae, nisl.

Aenean lectus. Pellentesque eget nunc. Donec quis orci eget orci vehicula condimentum.', 23);
set identity_insert [Messages] off



set identity_insert Groups on
insert into Groups (Id, DateCreated, Description, OwnerId, [Title]) values (1, '2017-04-04', 'Integer tincidunt ante vel ipsum. Praesent blandit lacinia erat. Vestibulum sed magna at nunc commodo placerat.

Praesent blandit. Nam nulla. Integer pede justo, lacinia eget, tincidunt eget, tempus vel, pede.

Morbi porttitor lorem id ligula. Suspendisse ornare consequat lectus. In est risus, auctor sed, tristique in, tempus sit amet, sem.', 13, 'Devify');
insert into Groups (Id, DateCreated, Description, OwnerId, [Title]) values (2, '2017-06-01', 'Etiam vel augue. Vestibulum rutrum rutrum neque. Aenean auctor gravida sem.

Praesent id massa id nisl venenatis lacinia. Aenean sit amet justo. Morbi ut odio.

Cras mi pede, malesuada in, imperdiet et, commodo vulputate, justo. In blandit ultrices enim. Lorem ipsum dolor sit amet, consectetuer adipiscing elit.', 18, 'Skimia');
insert into Groups (Id, DateCreated, Description, OwnerId, [Title]) values (3, '2017-08-27', 'Proin leo odio, porttitor id, consequat in, consequat ut, nulla. Sed accumsan felis. Ut at dolor quis odio consequat varius.

Integer ac leo. Pellentesque ultrices mattis odio. Donec vitae nisi.', 22, 'Topdrive');
insert into Groups (Id, DateCreated, Description, OwnerId, [Title]) values (4, '2017-06-25', 'In sagittis dui vel nisl. Duis ac nibh. Fusce lacus purus, aliquet at, feugiat non, pretium quis, lectus.', 4, 'Youfeed');
insert into Groups (Id, DateCreated, Description, OwnerId, [Title]) values (5, '2017-07-23', 'Aenean lectus. Pellentesque eget nunc. Donec quis orci eget orci vehicula condimentum.

Curabitur in libero ut massa volutpat convallis. Morbi odio odio, elementum eu, interdum eu, tincidunt in, leo. Maecenas pulvinar lobortis est.', 1, 'Gabvine');
insert into Groups (Id, DateCreated, Description, OwnerId, [Title]) values (6, '2017-08-02', 'Quisque porta volutpat erat. Quisque erat eros, viverra eget, congue eget, semper rutrum, nulla. Nunc purus.', 24, 'Talane');
insert into Groups (Id, DateCreated, Description, OwnerId, [Title]) values (7, '2017-01-08', 'Aliquam quis turpis eget elit sodales scelerisque. Mauris sit amet eros. Suspendisse accumsan tortor quis turpis.

Sed ante. Vivamus tortor. Duis mattis egestas metus.', 3, 'Devpulse');
insert into Groups (Id, DateCreated, Description, OwnerId, [Title]) values (8, '2016-10-02', 'Proin leo odio, porttitor id, consequat in, consequat ut, nulla. Sed accumsan felis. Ut at dolor quis odio consequat varius.', 10, 'Eadel');
insert into Groups (Id, DateCreated, Description, OwnerId, [Title]) values (9, '2016-12-23', 'Cras non velit nec nisi vulputate nonummy. Maecenas tincidunt lacus at velit. Vivamus vel nulla eget eros elementum pellentesque.', 30, 'Meevee');
insert into Groups (Id, DateCreated, Description, OwnerId, [Title]) values (10, '2017-05-31', 'Integer ac leo. Pellentesque ultrices mattis odio. Donec vitae nisi.

Nam ultrices, libero non mattis pulvinar, nulla pede ullamcorper augue, a suscipit nulla elit ac nulla. Sed vel enim sit amet nunc viverra dapibus. Nulla suscipit ligula in lacus.

Curabitur at ipsum ac tellus semper interdum. Mauris ullamcorper purus sit amet nulla. Quisque arcu libero, rutrum ac, lobortis vel, dapibus at, diam.', 23, 'Meedoo');
insert into Groups (Id, DateCreated, Description, OwnerId, [Title]) values (11, '2016-12-29', 'Nulla ut erat id mauris vulputate elementum. Nullam varius. Nulla facilisi.

Cras non velit nec nisi vulputate nonummy. Maecenas tincidunt lacus at velit. Vivamus vel nulla eget eros elementum pellentesque.

Quisque porta volutpat erat. Quisque erat eros, viverra eget, congue eget, semper rutrum, nulla. Nunc purus.', 26, 'Dazzlesphere');
insert into Groups (Id, DateCreated, Description, OwnerId, [Title]) values (12, '2017-09-15', 'Cras mi pede, malesuada in, imperdiet et, commodo vulputate, justo. In blandit ultrices enim. Lorem ipsum dolor sit amet, consectetuer adipiscing elit.

Proin interdum mauris non ligula pellentesque ultrices. Phasellus id sapien in sapien iaculis congue. Vivamus metus arcu, adipiscing molestie, hendrerit at, vulputate vitae, nisl.

Aenean lectus. Pellentesque eget nunc. Donec quis orci eget orci vehicula condimentum.', 6, 'Avamba');
insert into Groups (Id, DateCreated, Description, OwnerId, [Title]) values (13, '2017-08-04', 'Etiam vel augue. Vestibulum rutrum rutrum neque. Aenean auctor gravida sem.

Praesent id massa id nisl venenatis lacinia. Aenean sit amet justo. Morbi ut odio.', 26, 'Twitterbridge');
insert into Groups (Id, DateCreated, Description, OwnerId, [Title]) values (14, '2017-04-12', 'Fusce posuere felis sed lacus. Morbi sem mauris, laoreet ut, rhoncus aliquet, pulvinar sed, nisl. Nunc rhoncus dui vel sem.

Sed sagittis. Nam congue, risus semper porta volutpat, quam pede lobortis ligula, sit amet eleifend pede libero quis orci. Nullam molestie nibh in lectus.', 7, 'Ntags');
insert into Groups (Id, DateCreated, Description, OwnerId, [Title]) values (15, '2017-03-24', 'Fusce consequat. Nulla nisl. Nunc nisl.

Duis bibendum, felis sed interdum venenatis, turpis enim blandit mi, in porttitor pede justo eu massa. Donec dapibus. Duis at velit eu est congue elementum.', 24, 'Meembee');
insert into Groups (Id, DateCreated, Description, OwnerId, [Title]) values (16, '2016-10-28', 'In hac habitasse platea dictumst. Morbi vestibulum, velit id pretium iaculis, diam erat fermentum justo, nec condimentum neque sapien placerat ante. Nulla justo.

Aliquam quis turpis eget elit sodales scelerisque. Mauris sit amet eros. Suspendisse accumsan tortor quis turpis.', 16, 'Skyba');
insert into Groups (Id, DateCreated, Description, OwnerId, [Title]) values (17, '2017-03-02', 'Cras non velit nec nisi vulputate nonummy. Maecenas tincidunt lacus at velit. Vivamus vel nulla eget eros elementum pellentesque.', 21, 'Fivechat');
insert into Groups (Id, DateCreated, Description, OwnerId, [Title]) values (18, '2017-09-20', 'Integer tincidunt ante vel ipsum. Praesent blandit lacinia erat. Vestibulum sed magna at nunc commodo placerat.

Praesent blandit. Nam nulla. Integer pede justo, lacinia eget, tincidunt eget, tempus vel, pede.', 12, 'Gigashots');
insert into Groups (Id, DateCreated, Description, OwnerId, [Title]) values (19, '2017-03-27', 'Mauris enim leo, rhoncus sed, vestibulum sit amet, cursus id, turpis. Integer aliquet, massa id lobortis convallis, tortor risus dapibus augue, vel accumsan tellus nisi eu orci. Mauris lacinia sapien quis libero.', 11, 'Yata');
insert into Groups (Id, DateCreated, Description, OwnerId, [Title]) values (20, '2017-07-25', 'Nam ultrices, libero non mattis pulvinar, nulla pede ullamcorper augue, a suscipit nulla elit ac nulla. Sed vel enim sit amet nunc viverra dapibus. Nulla suscipit ligula in lacus.', 30, 'Tagcat');
set identity_insert Groups off

set identity_insert UsersToGroups on
insert into UsersToGroups (Id, GroupId, IsContact, UserId) values (1, 3, 0, 13);
insert into UsersToGroups (Id, GroupId, IsContact, UserId) values (2, 11, 0, 14);
insert into UsersToGroups (Id, GroupId, IsContact, UserId) values (3, 13, 0, 6);
insert into UsersToGroups (Id, GroupId, IsContact, UserId) values (4, 3, 0, 5);
insert into UsersToGroups (Id, GroupId, IsContact, UserId) values (5, 10, 1, 25);
insert into UsersToGroups (Id, GroupId, IsContact, UserId) values (6, 8, 1, 1);
insert into UsersToGroups (Id, GroupId, IsContact, UserId) values (7, 10, 0, 31);
insert into UsersToGroups (Id, GroupId, IsContact, UserId) values (8, 12, 0, 18);
insert into UsersToGroups (Id, GroupId, IsContact, UserId) values (9, 1, 0, 1);
insert into UsersToGroups (Id, GroupId, IsContact, UserId) values (10, 9, 0, 28);
insert into UsersToGroups (Id, GroupId, IsContact, UserId) values (11, 15, 1, 29);
insert into UsersToGroups (Id, GroupId, IsContact, UserId) values (12, 11, 1, 21);
insert into UsersToGroups (Id, GroupId, IsContact, UserId) values (13, 14, 1, 23);
insert into UsersToGroups (Id, GroupId, IsContact, UserId) values (14, 18, 0, 29);
insert into UsersToGroups (Id, GroupId, IsContact, UserId) values (15, 18, 1, 16);
insert into UsersToGroups (Id, GroupId, IsContact, UserId) values (16, 5, 0, 28);
insert into UsersToGroups (Id, GroupId, IsContact, UserId) values (17, 16, 0, 7);
insert into UsersToGroups (Id, GroupId, IsContact, UserId) values (18, 10, 0, 4);
insert into UsersToGroups (Id, GroupId, IsContact, UserId) values (19, 6, 1, 18);
insert into UsersToGroups (Id, GroupId, IsContact, UserId) values (20, 18, 0, 10);
insert into UsersToGroups (Id, GroupId, IsContact, UserId) values (21, 6, 1, 23);
insert into UsersToGroups (Id, GroupId, IsContact, UserId) values (22, 17, 0, 11);
insert into UsersToGroups (Id, GroupId, IsContact, UserId) values (23, 10, 1, 22);
insert into UsersToGroups (Id, GroupId, IsContact, UserId) values (24, 20, 0, 28);
insert into UsersToGroups (Id, GroupId, IsContact, UserId) values (25, 1, 1, 15);
insert into UsersToGroups (Id, GroupId, IsContact, UserId) values (26, 20, 1, 24);
insert into UsersToGroups (Id, GroupId, IsContact, UserId) values (27, 8, 1, 8);
insert into UsersToGroups (Id, GroupId, IsContact, UserId) values (28, 16, 1, 4);
insert into UsersToGroups (Id, GroupId, IsContact, UserId) values (29, 4, 1, 16);
insert into UsersToGroups (Id, GroupId, IsContact, UserId) values (30, 15, 1, 1);
insert into UsersToGroups (Id, GroupId, IsContact, UserId) values (31, 15, 1, 23);
insert into UsersToGroups (Id, GroupId, IsContact, UserId) values (32, 11, 1, 12);
insert into UsersToGroups (Id, GroupId, IsContact, UserId) values (33, 5, 1, 15);
insert into UsersToGroups (Id, GroupId, IsContact, UserId) values (34, 16, 0, 1);
insert into UsersToGroups (Id, GroupId, IsContact, UserId) values (35, 2, 1, 25);
insert into UsersToGroups (Id, GroupId, IsContact, UserId) values (36, 13, 0, 6);
insert into UsersToGroups (Id, GroupId, IsContact, UserId) values (37, 16, 0, 16);
insert into UsersToGroups (Id, GroupId, IsContact, UserId) values (38, 5, 0, 7);
insert into UsersToGroups (Id, GroupId, IsContact, UserId) values (39, 5, 0, 10);
insert into UsersToGroups (Id, GroupId, IsContact, UserId) values (40, 8, 0, 9);
insert into UsersToGroups (Id, GroupId, IsContact, UserId) values (41, 1, 1, 16);
insert into UsersToGroups (Id, GroupId, IsContact, UserId) values (42, 11, 1, 31);
insert into UsersToGroups (Id, GroupId, IsContact, UserId) values (43, 16, 0, 6);
insert into UsersToGroups (Id, GroupId, IsContact, UserId) values (44, 2, 0, 14);
insert into UsersToGroups (Id, GroupId, IsContact, UserId) values (45, 17, 0, 11);
insert into UsersToGroups (Id, GroupId, IsContact, UserId) values (46, 2, 1, 8);
insert into UsersToGroups (Id, GroupId, IsContact, UserId) values (47, 8, 0, 26);
insert into UsersToGroups (Id, GroupId, IsContact, UserId) values (48, 1, 1, 5);
insert into UsersToGroups (Id, GroupId, IsContact, UserId) values (49, 16, 0, 8);
insert into UsersToGroups (Id, GroupId, IsContact, UserId) values (50, 16, 1, 28);
insert into UsersToGroups (Id, GroupId, IsContact, UserId) values (51, 15, 1, 24);
insert into UsersToGroups (Id, GroupId, IsContact, UserId) values (52, 1, 1, 31);
insert into UsersToGroups (Id, GroupId, IsContact, UserId) values (53, 20, 1, 24);
insert into UsersToGroups (Id, GroupId, IsContact, UserId) values (54, 19, 1, 25);
insert into UsersToGroups (Id, GroupId, IsContact, UserId) values (55, 9, 0, 10);
insert into UsersToGroups (Id, GroupId, IsContact, UserId) values (56, 20, 0, 23);
insert into UsersToGroups (Id, GroupId, IsContact, UserId) values (57, 1, 1, 16);
insert into UsersToGroups (Id, GroupId, IsContact, UserId) values (58, 19, 1, 4);
insert into UsersToGroups (Id, GroupId, IsContact, UserId) values (59, 17, 1, 10);
insert into UsersToGroups (Id, GroupId, IsContact, UserId) values (60, 15, 0, 3);
insert into UsersToGroups (Id, GroupId, IsContact, UserId) values (61, 18, 1, 30);
insert into UsersToGroups (Id, GroupId, IsContact, UserId) values (62, 1, 0, 7);
insert into UsersToGroups (Id, GroupId, IsContact, UserId) values (63, 15, 0, 15);
insert into UsersToGroups (Id, GroupId, IsContact, UserId) values (64, 15, 1, 18);
insert into UsersToGroups (Id, GroupId, IsContact, UserId) values (65, 14, 1, 31);
insert into UsersToGroups (Id, GroupId, IsContact, UserId) values (66, 2, 1, 24);
insert into UsersToGroups (Id, GroupId, IsContact, UserId) values (67, 10, 1, 18);
insert into UsersToGroups (Id, GroupId, IsContact, UserId) values (68, 15, 1, 18);
insert into UsersToGroups (Id, GroupId, IsContact, UserId) values (69, 9, 0, 20);
insert into UsersToGroups (Id, GroupId, IsContact, UserId) values (70, 11, 0, 4);
insert into UsersToGroups (Id, GroupId, IsContact, UserId) values (71, 9, 0, 6);
insert into UsersToGroups (Id, GroupId, IsContact, UserId) values (72, 16, 0, 29);
insert into UsersToGroups (Id, GroupId, IsContact, UserId) values (73, 17, 0, 29);
insert into UsersToGroups (Id, GroupId, IsContact, UserId) values (74, 5, 0, 20);
insert into UsersToGroups (Id, GroupId, IsContact, UserId) values (75, 7, 1, 4);
insert into UsersToGroups (Id, GroupId, IsContact, UserId) values (76, 19, 0, 23);
insert into UsersToGroups (Id, GroupId, IsContact, UserId) values (77, 3, 0, 26);
insert into UsersToGroups (Id, GroupId, IsContact, UserId) values (78, 20, 1, 1);
insert into UsersToGroups (Id, GroupId, IsContact, UserId) values (79, 1, 0, 28);
insert into UsersToGroups (Id, GroupId, IsContact, UserId) values (80, 9, 1, 15);
insert into UsersToGroups (Id, GroupId, IsContact, UserId) values (81, 14, 0, 27);
insert into UsersToGroups (Id, GroupId, IsContact, UserId) values (82, 18, 0, 22);
insert into UsersToGroups (Id, GroupId, IsContact, UserId) values (83, 13, 0, 24);
insert into UsersToGroups (Id, GroupId, IsContact, UserId) values (84, 15, 0, 31);
insert into UsersToGroups (Id, GroupId, IsContact, UserId) values (85, 19, 0, 24);
insert into UsersToGroups (Id, GroupId, IsContact, UserId) values (86, 3, 0, 27);
insert into UsersToGroups (Id, GroupId, IsContact, UserId) values (87, 19, 0, 2);
insert into UsersToGroups (Id, GroupId, IsContact, UserId) values (88, 9, 0, 18);
insert into UsersToGroups (Id, GroupId, IsContact, UserId) values (89, 20, 1, 2);
insert into UsersToGroups (Id, GroupId, IsContact, UserId) values (90, 20, 0, 6);
insert into UsersToGroups (Id, GroupId, IsContact, UserId) values (91, 12, 1, 20);
insert into UsersToGroups (Id, GroupId, IsContact, UserId) values (92, 5, 0, 29);
insert into UsersToGroups (Id, GroupId, IsContact, UserId) values (93, 16, 1, 15);
insert into UsersToGroups (Id, GroupId, IsContact, UserId) values (94, 20, 1, 31);
insert into UsersToGroups (Id, GroupId, IsContact, UserId) values (95, 15, 0, 5);
insert into UsersToGroups (Id, GroupId, IsContact, UserId) values (96, 1, 1, 10);
insert into UsersToGroups (Id, GroupId, IsContact, UserId) values (97, 10, 1, 23);
insert into UsersToGroups (Id, GroupId, IsContact, UserId) values (98, 4, 0, 8);
insert into UsersToGroups (Id, GroupId, IsContact, UserId) values (99, 2, 1, 31);
insert into UsersToGroups (Id, GroupId, IsContact, UserId) values (100, 8, 1, 23);
set identity_insert UsersToGroups off
 

set identity_insert Interests on
insert into Interests (Id, CategoryId, [Title]) values (1, 13, 'nam');
insert into Interests (Id, CategoryId, [Title]) values (2, 15, 'auctor');
insert into Interests (Id, CategoryId, [Title]) values (3, 7, 'suspendisse ornare');
insert into Interests (Id, CategoryId, [Title]) values (4, 9, 'volutpat quam');
insert into Interests (Id, CategoryId, [Title]) values (5, 13, 'convallis tortor');
insert into Interests (Id, CategoryId, [Title]) values (6, 2, 'at');
insert into Interests (Id, CategoryId, [Title]) values (7, 10, 'sagittis dui');
insert into Interests (Id, CategoryId, [Title]) values (8, 15, 'dolor sit');
insert into Interests (Id, CategoryId, [Title]) values (9, 15, 'ultrices');
insert into Interests (Id, CategoryId, [Title]) values (10, 3, 'ipsum primis');
insert into Interests (Id, CategoryId, [Title]) values (11, 12, 'odio donec');
insert into Interests (Id, CategoryId, [Title]) values (12, 9, 'luctus');
insert into Interests (Id, CategoryId, [Title]) values (13, 11, 'suspendisse');
insert into Interests (Id, CategoryId, [Title]) values (14, 13, 'amet');
insert into Interests (Id, CategoryId, [Title]) values (15, 4, 'nulla');
insert into Interests (Id, CategoryId, [Title]) values (16, 15, 'nisi');
insert into Interests (Id, CategoryId, [Title]) values (17, 5, 'nunc nisl');
insert into Interests (Id, CategoryId, [Title]) values (18, 15, 'ligula nec');
insert into Interests (Id, CategoryId, [Title]) values (19, 9, 'lobortis');
insert into Interests (Id, CategoryId, [Title]) values (20, 13, 'gravida');
insert into Interests (Id, CategoryId, [Title]) values (21, 11, 'id ligula');
insert into Interests (Id, CategoryId, [Title]) values (22, 1, 'turpis');
insert into Interests (Id, CategoryId, [Title]) values (23, 5, 'turpis a');
insert into Interests (Id, CategoryId, [Title]) values (24, 12, 'vestibulum vestibulum');
insert into Interests (Id, CategoryId, [Title]) values (25, 12, 'ipsum integer');
insert into Interests (Id, CategoryId, [Title]) values (26, 12, 'varius integer');
insert into Interests (Id, CategoryId, [Title]) values (27, 4, 'suspendisse');
insert into Interests (Id, CategoryId, [Title]) values (28, 9, 'morbi');
insert into Interests (Id, CategoryId, [Title]) values (29, 8, 'commodo');
insert into Interests (Id, CategoryId, [Title]) values (30, 9, 'in');
insert into Interests (Id, CategoryId, [Title]) values (31, 9, 'eget');
insert into Interests (Id, CategoryId, [Title]) values (32, 9, 'lectus');
insert into Interests (Id, CategoryId, [Title]) values (33, 1, 'sed');
insert into Interests (Id, CategoryId, [Title]) values (34, 8, 'ante');
insert into Interests (Id, CategoryId, [Title]) values (35, 1, 'dapibus');
insert into Interests (Id, CategoryId, [Title]) values (36, 7, 'morbi porttitor');
insert into Interests (Id, CategoryId, [Title]) values (37, 3, 'ligula');
insert into Interests (Id, CategoryId, [Title]) values (38, 5, 'at');
insert into Interests (Id, CategoryId, [Title]) values (39, 1, 'amet');
insert into Interests (Id, CategoryId, [Title]) values (40, 10, 'curae duis');
insert into Interests (Id, CategoryId, [Title]) values (41, 14, 'mattis nibh');
insert into Interests (Id, CategoryId, [Title]) values (42, 1, 'luctus et');
insert into Interests (Id, CategoryId, [Title]) values (43, 13, 'eget');
insert into Interests (Id, CategoryId, [Title]) values (44, 1, 'interdum');
insert into Interests (Id, CategoryId, [Title]) values (45, 10, 'cum sociis');
insert into Interests (Id, CategoryId, [Title]) values (46, 9, 'augue');
insert into Interests (Id, CategoryId, [Title]) values (47, 3, 'augue');
insert into Interests (Id, CategoryId, [Title]) values (48, 11, 'dolor sit');
insert into Interests (Id, CategoryId, [Title]) values (49, 4, 'porttitor');
insert into Interests (Id, CategoryId, [Title]) values (50, 7, 'magna');
set identity_insert Interests off

set identity_insert InterestsToUsers on
insert into InterestsToUsers (Id, InterestId, UserId) values (1, 16, 4);
insert into InterestsToUsers (Id, InterestId, UserId) values (2, 26, 22);
insert into InterestsToUsers (Id, InterestId, UserId) values (3, 47, 29);
insert into InterestsToUsers (Id, InterestId, UserId) values (4, 33, 12);
insert into InterestsToUsers (Id, InterestId, UserId) values (5, 25, 1);
insert into InterestsToUsers (Id, InterestId, UserId) values (6, 50, 9);
insert into InterestsToUsers (Id, InterestId, UserId) values (7, 9, 12);
insert into InterestsToUsers (Id, InterestId, UserId) values (8, 38, 24);
insert into InterestsToUsers (Id, InterestId, UserId) values (9, 28, 11);
insert into InterestsToUsers (Id, InterestId, UserId) values (10, 33, 13);
insert into InterestsToUsers (Id, InterestId, UserId) values (11, 5, 27);
insert into InterestsToUsers (Id, InterestId, UserId) values (12, 6, 23);
insert into InterestsToUsers (Id, InterestId, UserId) values (13, 16, 4);
insert into InterestsToUsers (Id, InterestId, UserId) values (14, 50, 13);
insert into InterestsToUsers (Id, InterestId, UserId) values (15, 30, 21);
insert into InterestsToUsers (Id, InterestId, UserId) values (16, 3, 12);
insert into InterestsToUsers (Id, InterestId, UserId) values (17, 21, 1);
insert into InterestsToUsers (Id, InterestId, UserId) values (18, 22, 25);
insert into InterestsToUsers (Id, InterestId, UserId) values (19, 46, 19);
insert into InterestsToUsers (Id, InterestId, UserId) values (20, 41, 11);
insert into InterestsToUsers (Id, InterestId, UserId) values (21, 25, 8);
insert into InterestsToUsers (Id, InterestId, UserId) values (22, 25, 30);
insert into InterestsToUsers (Id, InterestId, UserId) values (23, 42, 20);
insert into InterestsToUsers (Id, InterestId, UserId) values (24, 28, 13);
insert into InterestsToUsers (Id, InterestId, UserId) values (25, 20, 30);
insert into InterestsToUsers (Id, InterestId, UserId) values (26, 26, 8);
insert into InterestsToUsers (Id, InterestId, UserId) values (27, 47, 30);
insert into InterestsToUsers (Id, InterestId, UserId) values (28, 19, 2);
insert into InterestsToUsers (Id, InterestId, UserId) values (29, 31, 2);
insert into InterestsToUsers (Id, InterestId, UserId) values (30, 29, 28);
insert into InterestsToUsers (Id, InterestId, UserId) values (31, 42, 12);
insert into InterestsToUsers (Id, InterestId, UserId) values (32, 27, 25);
insert into InterestsToUsers (Id, InterestId, UserId) values (33, 15, 22);
insert into InterestsToUsers (Id, InterestId, UserId) values (34, 28, 7);
insert into InterestsToUsers (Id, InterestId, UserId) values (35, 3, 1);
insert into InterestsToUsers (Id, InterestId, UserId) values (36, 17, 22);
insert into InterestsToUsers (Id, InterestId, UserId) values (37, 16, 13);
insert into InterestsToUsers (Id, InterestId, UserId) values (38, 16, 20);
insert into InterestsToUsers (Id, InterestId, UserId) values (39, 4, 31);
insert into InterestsToUsers (Id, InterestId, UserId) values (40, 45, 10);
insert into InterestsToUsers (Id, InterestId, UserId) values (41, 9, 18);
insert into InterestsToUsers (Id, InterestId, UserId) values (42, 38, 2);
insert into InterestsToUsers (Id, InterestId, UserId) values (43, 43, 24);
insert into InterestsToUsers (Id, InterestId, UserId) values (44, 13, 18);
insert into InterestsToUsers (Id, InterestId, UserId) values (45, 13, 29);
insert into InterestsToUsers (Id, InterestId, UserId) values (46, 14, 1);
insert into InterestsToUsers (Id, InterestId, UserId) values (47, 21, 19);
insert into InterestsToUsers (Id, InterestId, UserId) values (48, 46, 4);
insert into InterestsToUsers (Id, InterestId, UserId) values (49, 44, 27);
insert into InterestsToUsers (Id, InterestId, UserId) values (50, 30, 2);
insert into InterestsToUsers (Id, InterestId, UserId) values (51, 17, 23);
insert into InterestsToUsers (Id, InterestId, UserId) values (52, 30, 16);
insert into InterestsToUsers (Id, InterestId, UserId) values (53, 48, 8);
insert into InterestsToUsers (Id, InterestId, UserId) values (54, 39, 6);
insert into InterestsToUsers (Id, InterestId, UserId) values (55, 27, 16);
insert into InterestsToUsers (Id, InterestId, UserId) values (56, 12, 27);
insert into InterestsToUsers (Id, InterestId, UserId) values (57, 30, 14);
insert into InterestsToUsers (Id, InterestId, UserId) values (58, 40, 30);
insert into InterestsToUsers (Id, InterestId, UserId) values (59, 45, 2);
insert into InterestsToUsers (Id, InterestId, UserId) values (60, 34, 3);
insert into InterestsToUsers (Id, InterestId, UserId) values (61, 40, 9);
insert into InterestsToUsers (Id, InterestId, UserId) values (62, 6, 19);
insert into InterestsToUsers (Id, InterestId, UserId) values (63, 15, 15);
insert into InterestsToUsers (Id, InterestId, UserId) values (64, 27, 28);
insert into InterestsToUsers (Id, InterestId, UserId) values (65, 48, 22);
insert into InterestsToUsers (Id, InterestId, UserId) values (66, 50, 30);
insert into InterestsToUsers (Id, InterestId, UserId) values (67, 44, 3);
insert into InterestsToUsers (Id, InterestId, UserId) values (68, 4, 20);
insert into InterestsToUsers (Id, InterestId, UserId) values (69, 7, 19);
insert into InterestsToUsers (Id, InterestId, UserId) values (70, 41, 11);
insert into InterestsToUsers (Id, InterestId, UserId) values (71, 41, 25);
insert into InterestsToUsers (Id, InterestId, UserId) values (72, 29, 11);
insert into InterestsToUsers (Id, InterestId, UserId) values (73, 24, 29);
insert into InterestsToUsers (Id, InterestId, UserId) values (74, 24, 23);
insert into InterestsToUsers (Id, InterestId, UserId) values (75, 5, 18);
insert into InterestsToUsers (Id, InterestId, UserId) values (76, 15, 11);
insert into InterestsToUsers (Id, InterestId, UserId) values (77, 7, 26);
insert into InterestsToUsers (Id, InterestId, UserId) values (78, 5, 30);
insert into InterestsToUsers (Id, InterestId, UserId) values (79, 33, 21);
insert into InterestsToUsers (Id, InterestId, UserId) values (80, 1, 24);
insert into InterestsToUsers (Id, InterestId, UserId) values (81, 35, 30);
insert into InterestsToUsers (Id, InterestId, UserId) values (82, 3, 2);
insert into InterestsToUsers (Id, InterestId, UserId) values (83, 24, 12);
insert into InterestsToUsers (Id, InterestId, UserId) values (84, 11, 19);
insert into InterestsToUsers (Id, InterestId, UserId) values (85, 32, 2);
insert into InterestsToUsers (Id, InterestId, UserId) values (86, 34, 7);
insert into InterestsToUsers (Id, InterestId, UserId) values (87, 1, 26);
insert into InterestsToUsers (Id, InterestId, UserId) values (88, 2, 3);
insert into InterestsToUsers (Id, InterestId, UserId) values (89, 48, 11);
insert into InterestsToUsers (Id, InterestId, UserId) values (90, 6, 26);
insert into InterestsToUsers (Id, InterestId, UserId) values (91, 45, 8);
insert into InterestsToUsers (Id, InterestId, UserId) values (92, 3, 11);
insert into InterestsToUsers (Id, InterestId, UserId) values (93, 27, 29);
insert into InterestsToUsers (Id, InterestId, UserId) values (94, 28, 14);
insert into InterestsToUsers (Id, InterestId, UserId) values (95, 20, 4);
insert into InterestsToUsers (Id, InterestId, UserId) values (96, 37, 27);
insert into InterestsToUsers (Id, InterestId, UserId) values (97, 41, 29);
insert into InterestsToUsers (Id, InterestId, UserId) values (98, 46, 6);
insert into InterestsToUsers (Id, InterestId, UserId) values (99, 2, 22);
insert into InterestsToUsers (Id, InterestId, UserId) values (100, 2, 21);
set identity_insert InterestsToUsers off

set identity_insert Posts on
insert into Posts (Id, AuthorId, ImageId, PublishedDate, Text, ToGroupId, ToUserId) values (1, 23, null, '2016-01-16', 'Fusce posuere felis sed lacus. Morbi sem mauris, laoreet ut, rhoncus aliquet, pulvinar sed, nisl. Nunc rhoncus dui vel sem.', 11, 8);
insert into Posts (Id, AuthorId, ImageId, PublishedDate, Text, ToGroupId, ToUserId) values (2, 10, null, '2015-02-26', 'Cras mi pede, malesuada in, imperdiet et, commodo vulputate, justo. In blandit ultrices enim. Lorem ipsum dolor sit amet, consectetuer adipiscing elit.

Proin interdum mauris non ligula pellentesque ultrices. Phasellus id sapien in sapien iaculis congue. Vivamus metus arcu, adipiscing molestie, hendrerit at, vulputate vitae, nisl.', 14, 13);
insert into Posts (Id, AuthorId, ImageId, PublishedDate, Text, ToGroupId, ToUserId) values (3, 13, null, '2017-02-17', 'Duis bibendum. Morbi non quam nec dui luctus rutrum. Nulla tellus.', 14, 12);
insert into Posts (Id, AuthorId, ImageId, PublishedDate, Text, ToGroupId, ToUserId) values (4, 3, null, '2016-02-29', 'Cum sociis natoque penatibus et magnis dis parturient montes, nascetur ridiculus mus. Vivamus vestibulum sagittis sapien. Cum sociis natoque penatibus et magnis dis parturient montes, nascetur ridiculus mus.', 18, 1);
insert into Posts (Id, AuthorId, ImageId, PublishedDate, Text, ToGroupId, ToUserId) values (5, 26, null, '2014-12-28', 'Aenean fermentum. Donec ut mauris eget massa tempor convallis. Nulla neque libero, convallis eget, eleifend luctus, ultricies eu, nibh.', 14, 3);
insert into Posts (Id, AuthorId, ImageId, PublishedDate, Text, ToGroupId, ToUserId) values (6, 7, null, '2016-03-17', 'Maecenas tristique, est et tempus semper, est quam pharetra magna, ac consequat metus sapien ut nunc. Vestibulum ante ipsum primis in faucibus orci luctus et ultrices posuere cubilia Curae; Mauris viverra diam vitae quam. Suspendisse potenti.', 17, 1);
insert into Posts (Id, AuthorId, ImageId, PublishedDate, Text, ToGroupId, ToUserId) values (7, 9, null, '2017-08-28', 'Nullam porttitor lacus at turpis. Donec posuere metus vitae ipsum. Aliquam non mauris.

Morbi non lectus. Aliquam sit amet diam in magna bibendum imperdiet. Nullam orci pede, venenatis non, sodales sed, tincidunt eu, felis.', 10, 21);
insert into Posts (Id, AuthorId, ImageId, PublishedDate, Text, ToGroupId, ToUserId) values (8, 29, null, '2017-01-29', 'Phasellus in felis. Donec semper sapien a libero. Nam dui.', 6, 14);
insert into Posts (Id, AuthorId, ImageId, PublishedDate, Text, ToGroupId, ToUserId) values (9, 25, null, '2015-09-19', 'Nulla ut erat id mauris vulputate elementum. Nullam varius. Nulla facilisi.

Cras non velit nec nisi vulputate nonummy. Maecenas tincidunt lacus at velit. Vivamus vel nulla eget eros elementum pellentesque.', 10, 31);
insert into Posts (Id, AuthorId, ImageId, PublishedDate, Text, ToGroupId, ToUserId) values (10, 4, null, '2016-05-16', 'Lorem ipsum dolor sit amet, consectetuer adipiscing elit. Proin risus. Praesent lectus.

Vestibulum quam sapien, varius ut, blandit non, interdum in, ante. Vestibulum ante ipsum primis in faucibus orci luctus et ultrices posuere cubilia Curae; Duis faucibus accumsan odio. Curabitur convallis.', 6, 12);
insert into Posts (Id, AuthorId, ImageId, PublishedDate, Text, ToGroupId, ToUserId) values (11, 7, null, '2014-09-30', 'Duis consequat dui nec nisi volutpat eleifend. Donec ut dolor. Morbi vel lectus in quam fringilla rhoncus.', 9, 7);
insert into Posts (Id, AuthorId, ImageId, PublishedDate, Text, ToGroupId, ToUserId) values (12, 11, null, '2014-11-03', 'Aliquam quis turpis eget elit sodales scelerisque. Mauris sit amet eros. Suspendisse accumsan tortor quis turpis.

Sed ante. Vivamus tortor. Duis mattis egestas metus.', 20, 26);
insert into Posts (Id, AuthorId, ImageId, PublishedDate, Text, ToGroupId, ToUserId) values (13, 20, null, '2016-09-17', 'Nullam sit amet turpis elementum ligula vehicula consequat. Morbi a ipsum. Integer a nibh.', 1, 19);
insert into Posts (Id, AuthorId, ImageId, PublishedDate, Text, ToGroupId, ToUserId) values (14, 31, null, '2017-09-18', 'Proin eu mi. Nulla ac enim. In tempor, turpis nec euismod scelerisque, quam turpis adipiscing lorem, vitae mattis nibh ligula nec sem.

Duis aliquam convallis nunc. Proin at turpis a pede posuere nonummy. Integer non velit.', 18, 2);
insert into Posts (Id, AuthorId, ImageId, PublishedDate, Text, ToGroupId, ToUserId) values (15, 1, null, '2015-02-14', 'Proin leo odio, porttitor id, consequat in, consequat ut, nulla. Sed accumsan felis. Ut at dolor quis odio consequat varius.

Integer ac leo. Pellentesque ultrices mattis odio. Donec vitae nisi.', 8, 24);
insert into Posts (Id, AuthorId, ImageId, PublishedDate, Text, ToGroupId, ToUserId) values (16, 24, null, '2015-05-19', 'Donec diam neque, vestibulum eget, vulputate ut, ultrices vel, augue. Vestibulum ante ipsum primis in faucibus orci luctus et ultrices posuere cubilia Curae; Donec pharetra, magna vestibulum aliquet ultrices, erat tortor sollicitudin mi, sit amet lobortis sapien sapien non mi. Integer ac neque.', 15, 5);
insert into Posts (Id, AuthorId, ImageId, PublishedDate, Text, ToGroupId, ToUserId) values (17, 12, null, '2016-01-03', 'Nulla ut erat id mauris vulputate elementum. Nullam varius. Nulla facilisi.', 14, 31);
insert into Posts (Id, AuthorId, ImageId, PublishedDate, Text, ToGroupId, ToUserId) values (18, 2, null, '2015-12-12', 'Cras non velit nec nisi vulputate nonummy. Maecenas tincidunt lacus at velit. Vivamus vel nulla eget eros elementum pellentesque.', 8, 17);
insert into Posts (Id, AuthorId, ImageId, PublishedDate, Text, ToGroupId, ToUserId) values (19, 29, null, '2015-01-19', 'In quis justo. Maecenas rhoncus aliquam lacus. Morbi quis tortor id nulla ultrices aliquet.', 1, 15);
insert into Posts (Id, AuthorId, ImageId, PublishedDate, Text, ToGroupId, ToUserId) values (20, 13, null, '2017-05-07', 'Praesent blandit. Nam nulla. Integer pede justo, lacinia eget, tincidunt eget, tempus vel, pede.', 12, 30);
insert into Posts (Id, AuthorId, ImageId, PublishedDate, Text, ToGroupId, ToUserId) values (21, 9, null, '2017-06-05', 'Cum sociis natoque penatibus et magnis dis parturient montes, nascetur ridiculus mus. Vivamus vestibulum sagittis sapien. Cum sociis natoque penatibus et magnis dis parturient montes, nascetur ridiculus mus.

Etiam vel augue. Vestibulum rutrum rutrum neque. Aenean auctor gravida sem.', 15, 15);
insert into Posts (Id, AuthorId, ImageId, PublishedDate, Text, ToGroupId, ToUserId) values (22, 16, null, '2015-09-29', 'Quisque id justo sit amet sapien dignissim vestibulum. Vestibulum ante ipsum primis in faucibus orci luctus et ultrices posuere cubilia Curae; Nulla dapibus dolor vel est. Donec odio justo, sollicitudin ut, suscipit a, feugiat et, eros.

Vestibulum ac est lacinia nisi venenatis tristique. Fusce congue, diam id ornare imperdiet, sapien urna pretium nisl, ut volutpat sapien arcu sed augue. Aliquam erat volutpat.', 6, 12);
insert into Posts (Id, AuthorId, ImageId, PublishedDate, Text, ToGroupId, ToUserId) values (23, 26, null, '2015-03-18', 'Cras non velit nec nisi vulputate nonummy. Maecenas tincidunt lacus at velit. Vivamus vel nulla eget eros elementum pellentesque.', 1, 12);
insert into Posts (Id, AuthorId, ImageId, PublishedDate, Text, ToGroupId, ToUserId) values (24, 26, null, '2016-03-12', 'Duis bibendum, felis sed interdum venenatis, turpis enim blandit mi, in porttitor pede justo eu massa. Donec dapibus. Duis at velit eu est congue elementum.', 13, 21);
insert into Posts (Id, AuthorId, ImageId, PublishedDate, Text, ToGroupId, ToUserId) values (25, 24, null, '2016-01-02', 'Curabitur in libero ut massa volutpat convallis. Morbi odio odio, elementum eu, interdum eu, tincidunt in, leo. Maecenas pulvinar lobortis est.

Phasellus sit amet erat. Nulla tempus. Vivamus in felis eu sapien cursus vestibulum.', 9, 7);
insert into Posts (Id, AuthorId, ImageId, PublishedDate, Text, ToGroupId, ToUserId) values (26, 12, null, '2016-06-15', 'Duis aliquam convallis nunc. Proin at turpis a pede posuere nonummy. Integer non velit.', 12, 14);
insert into Posts (Id, AuthorId, ImageId, PublishedDate, Text, ToGroupId, ToUserId) values (27, 27, null, '2015-05-07', 'Etiam vel augue. Vestibulum rutrum rutrum neque. Aenean auctor gravida sem.', 15, 7);
insert into Posts (Id, AuthorId, ImageId, PublishedDate, Text, ToGroupId, ToUserId) values (28, 15, null, '2016-04-22', 'Duis consequat dui nec nisi volutpat eleifend. Donec ut dolor. Morbi vel lectus in quam fringilla rhoncus.

Mauris enim leo, rhoncus sed, vestibulum sit amet, cursus id, turpis. Integer aliquet, massa id lobortis convallis, tortor risus dapibus augue, vel accumsan tellus nisi eu orci. Mauris lacinia sapien quis libero.', 10, 29);
insert into Posts (Id, AuthorId, ImageId, PublishedDate, Text, ToGroupId, ToUserId) values (29, 22, null, '2014-12-25', 'Maecenas ut massa quis augue luctus tincidunt. Nulla mollis molestie lorem. Quisque ut erat.

Curabitur gravida nisi at nibh. In hac habitasse platea dictumst. Aliquam augue quam, sollicitudin vitae, consectetuer eget, rutrum at, lorem.', 10, 16);
insert into Posts (Id, AuthorId, ImageId, PublishedDate, Text, ToGroupId, ToUserId) values (30, 9, null, '2015-08-31', 'In hac habitasse platea dictumst. Morbi vestibulum, velit id pretium iaculis, diam erat fermentum justo, nec condimentum neque sapien placerat ante. Nulla justo.

Aliquam quis turpis eget elit sodales scelerisque. Mauris sit amet eros. Suspendisse accumsan tortor quis turpis.', 2, 17);
insert into Posts (Id, AuthorId, ImageId, PublishedDate, Text, ToGroupId, ToUserId) values (31, 18, null, '2015-05-27', 'Mauris enim leo, rhoncus sed, vestibulum sit amet, cursus id, turpis. Integer aliquet, massa id lobortis convallis, tortor risus dapibus augue, vel accumsan tellus nisi eu orci. Mauris lacinia sapien quis libero.', 16, 22);
insert into Posts (Id, AuthorId, ImageId, PublishedDate, Text, ToGroupId, ToUserId) values (32, 17, null, '2016-11-17', 'Phasellus in felis. Donec semper sapien a libero. Nam dui.

Proin leo odio, porttitor id, consequat in, consequat ut, nulla. Sed accumsan felis. Ut at dolor quis odio consequat varius.', 9, 13);
insert into Posts (Id, AuthorId, ImageId, PublishedDate, Text, ToGroupId, ToUserId) values (33, 23, null, '2015-02-02', 'Etiam vel augue. Vestibulum rutrum rutrum neque. Aenean auctor gravida sem.', 20, 10);
insert into Posts (Id, AuthorId, ImageId, PublishedDate, Text, ToGroupId, ToUserId) values (34, 12, null, '2015-06-29', 'Duis bibendum. Morbi non quam nec dui luctus rutrum. Nulla tellus.

In sagittis dui vel nisl. Duis ac nibh. Fusce lacus purus, aliquet at, feugiat non, pretium quis, lectus.', 10, 11);
insert into Posts (Id, AuthorId, ImageId, PublishedDate, Text, ToGroupId, ToUserId) values (35, 29, null, '2015-06-14', 'Curabitur in libero ut massa volutpat convallis. Morbi odio odio, elementum eu, interdum eu, tincidunt in, leo. Maecenas pulvinar lobortis est.', 4, 31);
insert into Posts (Id, AuthorId, ImageId, PublishedDate, Text, ToGroupId, ToUserId) values (36, 31, null, '2016-09-05', 'Praesent id massa id nisl venenatis lacinia. Aenean sit amet justo. Morbi ut odio.

Cras mi pede, malesuada in, imperdiet et, commodo vulputate, justo. In blandit ultrices enim. Lorem ipsum dolor sit amet, consectetuer adipiscing elit.', 14, 22);
insert into Posts (Id, AuthorId, ImageId, PublishedDate, Text, ToGroupId, ToUserId) values (37, 6, null, '2014-11-24', 'In sagittis dui vel nisl. Duis ac nibh. Fusce lacus purus, aliquet at, feugiat non, pretium quis, lectus.', 6, 17);
insert into Posts (Id, AuthorId, ImageId, PublishedDate, Text, ToGroupId, ToUserId) values (38, 24, null, '2016-11-08', 'Curabitur gravida nisi at nibh. In hac habitasse platea dictumst. Aliquam augue quam, sollicitudin vitae, consectetuer eget, rutrum at, lorem.

Integer tincidunt ante vel ipsum. Praesent blandit lacinia erat. Vestibulum sed magna at nunc commodo placerat.', 15, 29);
insert into Posts (Id, AuthorId, ImageId, PublishedDate, Text, ToGroupId, ToUserId) values (39, 14, null, '2016-09-19', 'Proin interdum mauris non ligula pellentesque ultrices. Phasellus id sapien in sapien iaculis congue. Vivamus metus arcu, adipiscing molestie, hendrerit at, vulputate vitae, nisl.

Aenean lectus. Pellentesque eget nunc. Donec quis orci eget orci vehicula condimentum.', 10, 23);
insert into Posts (Id, AuthorId, ImageId, PublishedDate, Text, ToGroupId, ToUserId) values (40, 31, null, '2017-02-19', 'Maecenas leo odio, condimentum id, luctus nec, molestie sed, justo. Pellentesque viverra pede ac diam. Cras pellentesque volutpat dui.

Maecenas tristique, est et tempus semper, est quam pharetra magna, ac consequat metus sapien ut nunc. Vestibulum ante ipsum primis in faucibus orci luctus et ultrices posuere cubilia Curae; Mauris viverra diam vitae quam. Suspendisse potenti.', 8, 25);
insert into Posts (Id, AuthorId, ImageId, PublishedDate, Text, ToGroupId, ToUserId) values (41, 15, null, '2017-04-08', 'Lorem ipsum dolor sit amet, consectetuer adipiscing elit. Proin risus. Praesent lectus.

Vestibulum quam sapien, varius ut, blandit non, interdum in, ante. Vestibulum ante ipsum primis in faucibus orci luctus et ultrices posuere cubilia Curae; Duis faucibus accumsan odio. Curabitur convallis.', 17, 12);
insert into Posts (Id, AuthorId, ImageId, PublishedDate, Text, ToGroupId, ToUserId) values (42, 1, null, '2016-07-08', 'Aliquam quis turpis eget elit sodales scelerisque. Mauris sit amet eros. Suspendisse accumsan tortor quis turpis.

Sed ante. Vivamus tortor. Duis mattis egestas metus.', 20, 29);
insert into Posts (Id, AuthorId, ImageId, PublishedDate, Text, ToGroupId, ToUserId) values (43, 25, null, '2016-12-15', 'Phasellus sit amet erat. Nulla tempus. Vivamus in felis eu sapien cursus vestibulum.', 18, 9);
insert into Posts (Id, AuthorId, ImageId, PublishedDate, Text, ToGroupId, ToUserId) values (44, 27, null, '2016-07-02', 'Curabitur gravida nisi at nibh. In hac habitasse platea dictumst. Aliquam augue quam, sollicitudin vitae, consectetuer eget, rutrum at, lorem.', 5, 9);
insert into Posts (Id, AuthorId, ImageId, PublishedDate, Text, ToGroupId, ToUserId) values (45, 30, null, '2016-05-17', 'Sed sagittis. Nam congue, risus semper porta volutpat, quam pede lobortis ligula, sit amet eleifend pede libero quis orci. Nullam molestie nibh in lectus.', 11, 25);
insert into Posts (Id, AuthorId, ImageId, PublishedDate, Text, ToGroupId, ToUserId) values (46, 30, null, '2017-07-20', 'Nullam porttitor lacus at turpis. Donec posuere metus vitae ipsum. Aliquam non mauris.

Morbi non lectus. Aliquam sit amet diam in magna bibendum imperdiet. Nullam orci pede, venenatis non, sodales sed, tincidunt eu, felis.', 8, 17);
insert into Posts (Id, AuthorId, ImageId, PublishedDate, Text, ToGroupId, ToUserId) values (47, 14, null, '2017-04-04', 'Quisque id justo sit amet sapien dignissim vestibulum. Vestibulum ante ipsum primis in faucibus orci luctus et ultrices posuere cubilia Curae; Nulla dapibus dolor vel est. Donec odio justo, sollicitudin ut, suscipit a, feugiat et, eros.', 11, 8);
insert into Posts (Id, AuthorId, ImageId, PublishedDate, Text, ToGroupId, ToUserId) values (48, 31, null, '2015-07-24', 'Cras mi pede, malesuada in, imperdiet et, commodo vulputate, justo. In blandit ultrices enim. Lorem ipsum dolor sit amet, consectetuer adipiscing elit.

Proin interdum mauris non ligula pellentesque ultrices. Phasellus id sapien in sapien iaculis congue. Vivamus metus arcu, adipiscing molestie, hendrerit at, vulputate vitae, nisl.', 3, 14);
insert into Posts (Id, AuthorId, ImageId, PublishedDate, Text, ToGroupId, ToUserId) values (49, 18, null, '2015-09-09', 'Sed sagittis. Nam congue, risus semper porta volutpat, quam pede lobortis ligula, sit amet eleifend pede libero quis orci. Nullam molestie nibh in lectus.', 6, 18);
insert into Posts (Id, AuthorId, ImageId, PublishedDate, Text, ToGroupId, ToUserId) values (50, 16, null, '2017-07-12', 'Maecenas tristique, est et tempus semper, est quam pharetra magna, ac consequat metus sapien ut nunc. Vestibulum ante ipsum primis in faucibus orci luctus et ultrices posuere cubilia Curae; Mauris viverra diam vitae quam. Suspendisse potenti.

Nullam porttitor lacus at turpis. Donec posuere metus vitae ipsum. Aliquam non mauris.', 3, 5);
insert into Posts (Id, AuthorId, ImageId, PublishedDate, Text, ToGroupId, ToUserId) values (51, 31, null, '2016-07-02', 'Sed sagittis. Nam congue, risus semper porta volutpat, quam pede lobortis ligula, sit amet eleifend pede libero quis orci. Nullam molestie nibh in lectus.', 1, 16);
insert into Posts (Id, AuthorId, ImageId, PublishedDate, Text, ToGroupId, ToUserId) values (52, 9, null, '2015-06-09', 'Praesent id massa id nisl venenatis lacinia. Aenean sit amet justo. Morbi ut odio.', 10, 26);
insert into Posts (Id, AuthorId, ImageId, PublishedDate, Text, ToGroupId, ToUserId) values (53, 28, null, '2016-07-04', 'Nulla ut erat id mauris vulputate elementum. Nullam varius. Nulla facilisi.

Cras non velit nec nisi vulputate nonummy. Maecenas tincidunt lacus at velit. Vivamus vel nulla eget eros elementum pellentesque.', 9, 2);
insert into Posts (Id, AuthorId, ImageId, PublishedDate, Text, ToGroupId, ToUserId) values (54, 30, null, '2016-12-20', 'Nullam sit amet turpis elementum ligula vehicula consequat. Morbi a ipsum. Integer a nibh.', 4, 28);
insert into Posts (Id, AuthorId, ImageId, PublishedDate, Text, ToGroupId, ToUserId) values (55, 27, null, '2015-04-22', 'Pellentesque at nulla. Suspendisse potenti. Cras in purus eu magna vulputate luctus.

Cum sociis natoque penatibus et magnis dis parturient montes, nascetur ridiculus mus. Vivamus vestibulum sagittis sapien. Cum sociis natoque penatibus et magnis dis parturient montes, nascetur ridiculus mus.', 15, 2);
insert into Posts (Id, AuthorId, ImageId, PublishedDate, Text, ToGroupId, ToUserId) values (56, 26, null, '2016-10-23', 'In quis justo. Maecenas rhoncus aliquam lacus. Morbi quis tortor id nulla ultrices aliquet.', 11, 10);
insert into Posts (Id, AuthorId, ImageId, PublishedDate, Text, ToGroupId, ToUserId) values (57, 6, null, '2017-03-25', 'Fusce posuere felis sed lacus. Morbi sem mauris, laoreet ut, rhoncus aliquet, pulvinar sed, nisl. Nunc rhoncus dui vel sem.', 12, 28);
insert into Posts (Id, AuthorId, ImageId, PublishedDate, Text, ToGroupId, ToUserId) values (58, 16, null, '2016-08-11', 'Aliquam quis turpis eget elit sodales scelerisque. Mauris sit amet eros. Suspendisse accumsan tortor quis turpis.', 3, 11);
insert into Posts (Id, AuthorId, ImageId, PublishedDate, Text, ToGroupId, ToUserId) values (59, 7, null, '2015-02-18', 'Cras non velit nec nisi vulputate nonummy. Maecenas tincidunt lacus at velit. Vivamus vel nulla eget eros elementum pellentesque.

Quisque porta volutpat erat. Quisque erat eros, viverra eget, congue eget, semper rutrum, nulla. Nunc purus.', 5, 19);
insert into Posts (Id, AuthorId, ImageId, PublishedDate, Text, ToGroupId, ToUserId) values (60, 21, null, '2015-04-18', 'Etiam vel augue. Vestibulum rutrum rutrum neque. Aenean auctor gravida sem.

Praesent id massa id nisl venenatis lacinia. Aenean sit amet justo. Morbi ut odio.', 1, 27);
insert into Posts (Id, AuthorId, ImageId, PublishedDate, Text, ToGroupId, ToUserId) values (61, 9, null, '2015-11-01', 'In hac habitasse platea dictumst. Etiam faucibus cursus urna. Ut tellus.

Nulla ut erat id mauris vulputate elementum. Nullam varius. Nulla facilisi.', 20, 20);
insert into Posts (Id, AuthorId, ImageId, PublishedDate, Text, ToGroupId, ToUserId) values (62, 25, null, '2015-05-29', 'Quisque id justo sit amet sapien dignissim vestibulum. Vestibulum ante ipsum primis in faucibus orci luctus et ultrices posuere cubilia Curae; Nulla dapibus dolor vel est. Donec odio justo, sollicitudin ut, suscipit a, feugiat et, eros.', 10, 21);
insert into Posts (Id, AuthorId, ImageId, PublishedDate, Text, ToGroupId, ToUserId) values (63, 23, null, '2014-12-21', 'Vestibulum ac est lacinia nisi venenatis tristique. Fusce congue, diam id ornare imperdiet, sapien urna pretium nisl, ut volutpat sapien arcu sed augue. Aliquam erat volutpat.

In congue. Etiam justo. Etiam pretium iaculis justo.', 9, 31);
insert into Posts (Id, AuthorId, ImageId, PublishedDate, Text, ToGroupId, ToUserId) values (64, 3, null, '2015-05-12', 'In sagittis dui vel nisl. Duis ac nibh. Fusce lacus purus, aliquet at, feugiat non, pretium quis, lectus.

Suspendisse potenti. In eleifend quam a odio. In hac habitasse platea dictumst.', 18, 8);
insert into Posts (Id, AuthorId, ImageId, PublishedDate, Text, ToGroupId, ToUserId) values (65, 8, null, '2015-01-09', 'Proin leo odio, porttitor id, consequat in, consequat ut, nulla. Sed accumsan felis. Ut at dolor quis odio consequat varius.

Integer ac leo. Pellentesque ultrices mattis odio. Donec vitae nisi.', 8, 30);
insert into Posts (Id, AuthorId, ImageId, PublishedDate, Text, ToGroupId, ToUserId) values (66, 8, null, '2015-12-18', 'Quisque porta volutpat erat. Quisque erat eros, viverra eget, congue eget, semper rutrum, nulla. Nunc purus.

Phasellus in felis. Donec semper sapien a libero. Nam dui.', 11, 13);
insert into Posts (Id, AuthorId, ImageId, PublishedDate, Text, ToGroupId, ToUserId) values (67, 4, null, '2016-12-04', 'Duis consequat dui nec nisi volutpat eleifend. Donec ut dolor. Morbi vel lectus in quam fringilla rhoncus.', 11, 30);
insert into Posts (Id, AuthorId, ImageId, PublishedDate, Text, ToGroupId, ToUserId) values (68, 17, null, '2017-05-17', 'In sagittis dui vel nisl. Duis ac nibh. Fusce lacus purus, aliquet at, feugiat non, pretium quis, lectus.', 2, 19);
insert into Posts (Id, AuthorId, ImageId, PublishedDate, Text, ToGroupId, ToUserId) values (69, 7, null, '2016-07-26', 'Pellentesque at nulla. Suspendisse potenti. Cras in purus eu magna vulputate luctus.', 1, 18);
insert into Posts (Id, AuthorId, ImageId, PublishedDate, Text, ToGroupId, ToUserId) values (70, 2, null, '2016-07-30', 'Nam ultrices, libero non mattis pulvinar, nulla pede ullamcorper augue, a suscipit nulla elit ac nulla. Sed vel enim sit amet nunc viverra dapibus. Nulla suscipit ligula in lacus.', 3, 10);
insert into Posts (Id, AuthorId, ImageId, PublishedDate, Text, ToGroupId, ToUserId) values (71, 20, null, '2015-07-15', 'Praesent blandit. Nam nulla. Integer pede justo, lacinia eget, tincidunt eget, tempus vel, pede.

Morbi porttitor lorem id ligula. Suspendisse ornare consequat lectus. In est risus, auctor sed, tristique in, tempus sit amet, sem.', 3, 5);
insert into Posts (Id, AuthorId, ImageId, PublishedDate, Text, ToGroupId, ToUserId) values (72, 30, null, '2016-04-28', 'Duis consequat dui nec nisi volutpat eleifend. Donec ut dolor. Morbi vel lectus in quam fringilla rhoncus.

Mauris enim leo, rhoncus sed, vestibulum sit amet, cursus id, turpis. Integer aliquet, massa id lobortis convallis, tortor risus dapibus augue, vel accumsan tellus nisi eu orci. Mauris lacinia sapien quis libero.', 13, 6);
insert into Posts (Id, AuthorId, ImageId, PublishedDate, Text, ToGroupId, ToUserId) values (73, 7, null, '2016-04-25', 'Mauris enim leo, rhoncus sed, vestibulum sit amet, cursus id, turpis. Integer aliquet, massa id lobortis convallis, tortor risus dapibus augue, vel accumsan tellus nisi eu orci. Mauris lacinia sapien quis libero.', 8, 7);
insert into Posts (Id, AuthorId, ImageId, PublishedDate, Text, ToGroupId, ToUserId) values (74, 5, null, '2017-01-29', 'Curabitur in libero ut massa volutpat convallis. Morbi odio odio, elementum eu, interdum eu, tincidunt in, leo. Maecenas pulvinar lobortis est.', 1, 21);
insert into Posts (Id, AuthorId, ImageId, PublishedDate, Text, ToGroupId, ToUserId) values (75, 1, null, '2016-01-03', 'Nam ultrices, libero non mattis pulvinar, nulla pede ullamcorper augue, a suscipit nulla elit ac nulla. Sed vel enim sit amet nunc viverra dapibus. Nulla suscipit ligula in lacus.

Curabitur at ipsum ac tellus semper interdum. Mauris ullamcorper purus sit amet nulla. Quisque arcu libero, rutrum ac, lobortis vel, dapibus at, diam.', 3, 12);
insert into Posts (Id, AuthorId, ImageId, PublishedDate, Text, ToGroupId, ToUserId) values (76, 25, null, '2015-02-27', 'Duis consequat dui nec nisi volutpat eleifend. Donec ut dolor. Morbi vel lectus in quam fringilla rhoncus.

Mauris enim leo, rhoncus sed, vestibulum sit amet, cursus id, turpis. Integer aliquet, massa id lobortis convallis, tortor risus dapibus augue, vel accumsan tellus nisi eu orci. Mauris lacinia sapien quis libero.', 17, 30);
insert into Posts (Id, AuthorId, ImageId, PublishedDate, Text, ToGroupId, ToUserId) values (77, 9, null, '2015-12-08', 'Nulla ut erat id mauris vulputate elementum. Nullam varius. Nulla facilisi.

Cras non velit nec nisi vulputate nonummy. Maecenas tincidunt lacus at velit. Vivamus vel nulla eget eros elementum pellentesque.', 20, 16);
insert into Posts (Id, AuthorId, ImageId, PublishedDate, Text, ToGroupId, ToUserId) values (78, 27, null, '2016-12-22', 'In sagittis dui vel nisl. Duis ac nibh. Fusce lacus purus, aliquet at, feugiat non, pretium quis, lectus.

Suspendisse potenti. In eleifend quam a odio. In hac habitasse platea dictumst.', 14, 31);
insert into Posts (Id, AuthorId, ImageId, PublishedDate, Text, ToGroupId, ToUserId) values (79, 28, null, '2017-02-05', 'Vestibulum ac est lacinia nisi venenatis tristique. Fusce congue, diam id ornare imperdiet, sapien urna pretium nisl, ut volutpat sapien arcu sed augue. Aliquam erat volutpat.', 17, 27);
insert into Posts (Id, AuthorId, ImageId, PublishedDate, Text, ToGroupId, ToUserId) values (80, 27, null, '2017-01-17', 'Sed ante. Vivamus tortor. Duis mattis egestas metus.

Aenean fermentum. Donec ut mauris eget massa tempor convallis. Nulla neque libero, convallis eget, eleifend luctus, ultricies eu, nibh.', 8, 22);
insert into Posts (Id, AuthorId, ImageId, PublishedDate, Text, ToGroupId, ToUserId) values (81, 21, null, '2017-03-26', 'In sagittis dui vel nisl. Duis ac nibh. Fusce lacus purus, aliquet at, feugiat non, pretium quis, lectus.

Suspendisse potenti. In eleifend quam a odio. In hac habitasse platea dictumst.', 13, 22);
insert into Posts (Id, AuthorId, ImageId, PublishedDate, Text, ToGroupId, ToUserId) values (82, 4, null, '2015-06-05', 'Nullam sit amet turpis elementum ligula vehicula consequat. Morbi a ipsum. Integer a nibh.

In quis justo. Maecenas rhoncus aliquam lacus. Morbi quis tortor id nulla ultrices aliquet.', 15, 12);
insert into Posts (Id, AuthorId, ImageId, PublishedDate, Text, ToGroupId, ToUserId) values (83, 21, null, '2015-01-20', 'Maecenas ut massa quis augue luctus tincidunt. Nulla mollis molestie lorem. Quisque ut erat.', 13, 20);
insert into Posts (Id, AuthorId, ImageId, PublishedDate, Text, ToGroupId, ToUserId) values (84, 3, null, '2015-03-15', 'Curabitur at ipsum ac tellus semper interdum. Mauris ullamcorper purus sit amet nulla. Quisque arcu libero, rutrum ac, lobortis vel, dapibus at, diam.', 12, 29);
insert into Posts (Id, AuthorId, ImageId, PublishedDate, Text, ToGroupId, ToUserId) values (85, 15, null, '2016-12-31', 'Vestibulum quam sapien, varius ut, blandit non, interdum in, ante. Vestibulum ante ipsum primis in faucibus orci luctus et ultrices posuere cubilia Curae; Duis faucibus accumsan odio. Curabitur convallis.

Duis consequat dui nec nisi volutpat eleifend. Donec ut dolor. Morbi vel lectus in quam fringilla rhoncus.', 19, 6);
insert into Posts (Id, AuthorId, ImageId, PublishedDate, Text, ToGroupId, ToUserId) values (86, 25, null, '2016-08-24', 'Cras mi pede, malesuada in, imperdiet et, commodo vulputate, justo. In blandit ultrices enim. Lorem ipsum dolor sit amet, consectetuer adipiscing elit.', 6, 14);
insert into Posts (Id, AuthorId, ImageId, PublishedDate, Text, ToGroupId, ToUserId) values (87, 10, null, '2015-12-31', 'Quisque id justo sit amet sapien dignissim vestibulum. Vestibulum ante ipsum primis in faucibus orci luctus et ultrices posuere cubilia Curae; Nulla dapibus dolor vel est. Donec odio justo, sollicitudin ut, suscipit a, feugiat et, eros.

Vestibulum ac est lacinia nisi venenatis tristique. Fusce congue, diam id ornare imperdiet, sapien urna pretium nisl, ut volutpat sapien arcu sed augue. Aliquam erat volutpat.', 3, 6);
insert into Posts (Id, AuthorId, ImageId, PublishedDate, Text, ToGroupId, ToUserId) values (88, 31, null, '2015-03-26', 'In hac habitasse platea dictumst. Morbi vestibulum, velit id pretium iaculis, diam erat fermentum justo, nec condimentum neque sapien placerat ante. Nulla justo.

Aliquam quis turpis eget elit sodales scelerisque. Mauris sit amet eros. Suspendisse accumsan tortor quis turpis.', 19, 3);
insert into Posts (Id, AuthorId, ImageId, PublishedDate, Text, ToGroupId, ToUserId) values (89, 6, null, '2015-07-04', 'In quis justo. Maecenas rhoncus aliquam lacus. Morbi quis tortor id nulla ultrices aliquet.

Maecenas leo odio, condimentum id, luctus nec, molestie sed, justo. Pellentesque viverra pede ac diam. Cras pellentesque volutpat dui.', 17, 17);
insert into Posts (Id, AuthorId, ImageId, PublishedDate, Text, ToGroupId, ToUserId) values (90, 28, null, '2016-11-14', 'Duis consequat dui nec nisi volutpat eleifend. Donec ut dolor. Morbi vel lectus in quam fringilla rhoncus.

Mauris enim leo, rhoncus sed, vestibulum sit amet, cursus id, turpis. Integer aliquet, massa id lobortis convallis, tortor risus dapibus augue, vel accumsan tellus nisi eu orci. Mauris lacinia sapien quis libero.', 14, 16);
insert into Posts (Id, AuthorId, ImageId, PublishedDate, Text, ToGroupId, ToUserId) values (91, 27, null, '2016-02-09', 'Cras mi pede, malesuada in, imperdiet et, commodo vulputate, justo. In blandit ultrices enim. Lorem ipsum dolor sit amet, consectetuer adipiscing elit.

Proin interdum mauris non ligula pellentesque ultrices. Phasellus id sapien in sapien iaculis congue. Vivamus metus arcu, adipiscing molestie, hendrerit at, vulputate vitae, nisl.', 14, 15);
insert into Posts (Id, AuthorId, ImageId, PublishedDate, Text, ToGroupId, ToUserId) values (92, 23, null, '2017-04-20', 'Phasellus sit amet erat. Nulla tempus. Vivamus in felis eu sapien cursus vestibulum.', 20, 29);
insert into Posts (Id, AuthorId, ImageId, PublishedDate, Text, ToGroupId, ToUserId) values (93, 7, null, '2015-07-19', 'Duis consequat dui nec nisi volutpat eleifend. Donec ut dolor. Morbi vel lectus in quam fringilla rhoncus.

Mauris enim leo, rhoncus sed, vestibulum sit amet, cursus id, turpis. Integer aliquet, massa id lobortis convallis, tortor risus dapibus augue, vel accumsan tellus nisi eu orci. Mauris lacinia sapien quis libero.', 10, 15);
insert into Posts (Id, AuthorId, ImageId, PublishedDate, Text, ToGroupId, ToUserId) values (94, 4, null, '2015-11-09', 'Nullam porttitor lacus at turpis. Donec posuere metus vitae ipsum. Aliquam non mauris.

Morbi non lectus. Aliquam sit amet diam in magna bibendum imperdiet. Nullam orci pede, venenatis non, sodales sed, tincidunt eu, felis.', 7, 17);
insert into Posts (Id, AuthorId, ImageId, PublishedDate, Text, ToGroupId, ToUserId) values (95, 22, null, '2015-07-31', 'Proin leo odio, porttitor id, consequat in, consequat ut, nulla. Sed accumsan felis. Ut at dolor quis odio consequat varius.

Integer ac leo. Pellentesque ultrices mattis odio. Donec vitae nisi.', 8, 14);
insert into Posts (Id, AuthorId, ImageId, PublishedDate, Text, ToGroupId, ToUserId) values (96, 6, null, '2015-11-03', 'Lorem ipsum dolor sit amet, consectetuer adipiscing elit. Proin risus. Praesent lectus.', 20, 27);
insert into Posts (Id, AuthorId, ImageId, PublishedDate, Text, ToGroupId, ToUserId) values (97, 17, null, '2015-09-14', 'Fusce posuere felis sed lacus. Morbi sem mauris, laoreet ut, rhoncus aliquet, pulvinar sed, nisl. Nunc rhoncus dui vel sem.', 20, 30);
insert into Posts (Id, AuthorId, ImageId, PublishedDate, Text, ToGroupId, ToUserId) values (98, 8, null, '2015-11-08', 'Nullam sit amet turpis elementum ligula vehicula consequat. Morbi a ipsum. Integer a nibh.

In quis justo. Maecenas rhoncus aliquam lacus. Morbi quis tortor id nulla ultrices aliquet.', 1, 9);
insert into Posts (Id, AuthorId, ImageId, PublishedDate, Text, ToGroupId, ToUserId) values (99, 7, null, '2015-09-29', 'Nullam sit amet turpis elementum ligula vehicula consequat. Morbi a ipsum. Integer a nibh.', 18, 24);
insert into Posts (Id, AuthorId, ImageId, PublishedDate, Text, ToGroupId, ToUserId) values (100, 19, null, '2016-07-21', 'Cras non velit nec nisi vulputate nonummy. Maecenas tincidunt lacus at velit. Vivamus vel nulla eget eros elementum pellentesque.', 9, 1);
set identity_insert Posts off



DECLARE @sql NVARCHAR(MAX);
SET @sql = N'';

SELECT @sql = @sql + N'
  ALTER TABLE ' + QUOTENAME(s.name) + N'.'
  + QUOTENAME(t.name) + N' DROP CONSTRAINT '
  + QUOTENAME(c.name) + ';'
FROM sys.objects AS c
INNER JOIN sys.tables AS t
ON c.parent_object_id = t.[object_id]
INNER JOIN sys.schemas AS s 
ON t.[schema_id] = s.[schema_id]
WHERE c.[type] IN ('F')
ORDER BY c.[type];

PRINT @sql;
EXEC sys.sp_executesql @sql;